seller_id,seller_state,seller_city,total_revenue,orders_fulfilled,avg_order_value,avg_rating,positive_reviews,performance_score,seller_tier
f7ba60f8c3f99e7ee4042fdef03b70c4,SP,sao bernardo do campo,68455.0,231,296.34,4.23,190,59.69,Intermediate
2d2c62bef4c8ba0dd74e0e228e808539,SP,ribeirao preto,3749.0,16,234.31,4.13,12,26.76,Beginner
537eb890efff034a88679788b647c564,RJ,rio de janeiro,4647.8,172,27.02,4.18,136,32.1,Beginner
897060da8b9a21f655304d50fd935913,SP,ribeirao preto,22339.36,417,53.57,3.47,252,42.27,Intermediate
f41ce2e25237f9092cd8e6e7516c7a2f,SP,guarulhos,1961.9,27,72.66,4.44,22,28.23,Beginner
83645b1645cdee8953ee54c29ceed564,PR,santa terezinha de itaipu,978.9,14,69.92,4.43,11,27.39,Beginner
66922902710d126a0e7d26b0e3805106,MG,belo horizonte,14267.3,155,92.05,4.47,137,37.18,Beginner
f27e33c6d29b5138fa9967bcd445b6d5,SP,sao paulo,8888.3,98,90.7,4.09,77,31.04,Beginner
6a8b085f816a1f75f92dbac6eb545f8f,SP,bebedouro,5945.67,134,44.37,4.16,106,31.36,Beginner
2ee0a0689f2f6a72f35a7cb6033f6e7e,SP,presidente prudente,272.0,4,68.0,4.0,3,24.23,Beginner
5dceca129747e92ff8ef7a997dc4f8ca,SP,santa barbara d´oeste,111126.73,343,323.98,4.02,255,78.86,Advanced
eddd1991bd6d9309995a480c39b95137,PR,ponta grossa,601.0,2,300.5,3.5,1,21.3,Beginner
cd6efc47efaabf134f8bdb654e10b4f1,RJ,rio de janeiro,4158.55,32,129.95,4.5,29,29.62,Beginner
822166ed1e47908f7cfb49946d03c726,RJ,tres rios,3752.31,110,34.11,3.94,76,28.44,Beginner
7b1222c3624aa89b9558b50a2594188c,SP,sao jose do rio preto,10103.52,22,459.25,4.45,19,31.4,Beginner
8759e7aedd644f487315e5860962f162,SP,santo andre,627.0,3,209.0,3.67,2,22.36,Beginner
432c37c9dfba871172ec162e20118b8c,DF,brasilia,2679.87,55,48.72,4.29,47,28.46,Beginner
8b2492b7ff4468839593fafeed55bad9,RJ,sao goncalo,3660.08,45,81.34,3.89,29,26.15,Beginner
191d55f7edb8524d525ed01b20fe32e8,DF,brasilia,747.0,3,249.0,2.33,1,14.37,Beginner
4ebdc7e6cd6102a022dadc49156d4ea8,SP,sao paulo,951.6,33,28.84,3.79,24,24.11,Beginner
643214e62b870443ccbe55ab29a4dccf,SP,sao paulo,3229.23,66,48.93,4.41,59,29.73,Beginner
67225bff54a172ff67579aaf583efd78,PA,marechal candido rondon,1238.0,8,154.75,4.5,6,27.74,Beginner
5075aaa8404020ae6aa8bf4792099b41,MG,pocos de caldas,1572.88,15,104.86,4.13,13,25.86,Beginner
503c1de08ae81a2d86f17951b204db55,SP,sao paulo,4906.99,22,223.05,4.41,18,29.08,Beginner
725af026f869236a8dd0ceb98564d156,MG,claudio,810.72,5,162.14,4.4,4,26.87,Beginner
a67780aba9dd436e7ac0aa1f889e73ec,SP,presidente prudente,863.0,6,143.83,3.67,4,22.55,Beginner
7a2d2949aea47fab95fd98d6c9f618b1,PR,curitiba,1638.99,12,136.58,4.25,11,26.52,Beginner
ffeee66ac5d5a62fe688b9d26f83f534,SP,mirassol,1839.86,14,131.42,4.21,12,26.42,Beginner
23ff42c4bf1f8f16cddb19d8b972974a,MG,itau de minas,174.7,3,58.23,4.33,2,26.14,Beginner
2c3d56f92f360fb89d849b84e8f50eae,SP,barueri,425.1,7,60.73,3.43,4,20.96,Beginner
3c03b12bab54d8b37d79d914bfdb1aa0,RJ,sao joao de meriti,4236.34,43,98.52,3.88,31,26.26,Beginner
3c4e0452bff7a2a788179488d3d77032,PR,colombo,3746.4,36,104.07,3.74,24,25.02,Beginner
3092c0b297aacfb4bb6e056ebe13b9b8,SP,aruja,1184.3,17,69.66,4.18,11,26.06,Beginner
c7fdb77fdbff3c41981bc52f787e959e,SP,santo andre,658.48,11,59.86,3.55,6,21.89,Beginner
4e326052e5dbba8adcd512f3450a307e,SP,sao paulo,570.0,6,95.0,1.67,1,10.43,Beginner
a5a1bfcf728ab0e19182959cf0771ee4,SP,socorro,1812.96,24,75.54,4.29,19,27.19,Beginner
46ef1a25845fc051c2998d878354810c,MG,claudio,250.41,5,50.08,4.4,5,26.65,Beginner
7ecef8194babfec876ca720714327841,SP,campinas,990.5,8,123.81,4.25,8,26.14,Beginner
f524ad65d7e0f1daab730ef2d2e86196,RS,soledade,578.0,2,289.0,1.0,0,6.29,Beginner
bb5bd94c8f59cc050072d2930c869cac,SP,sao paulo,2593.86,18,144.1,4.22,14,26.9,Beginner
747e73c01a4593d4cf60dcf970fd2689,PE,vitoria de santo antao,2217.99,3,739.33,4.33,3,26.96,Beginner
723cd880edaacdb998898b67c8f9da30,SP,ibitinga,2136.53,12,178.04,4.17,10,26.23,Beginner
7681ef142fd2c19048da7430856b5588,SP,guarulhos,31287.81,77,406.34,4.17,62,39.85,Beginner
ffc470761de7d0232558ba5e786e57b7,SP,guarulhos,1529.13,30,50.97,4.3,23,27.31,Beginner
13d95f0f6f73943d4ceffad0fc2cd32c,GO,goiania,249.99,1,249.99,3.0,0,18.13,Beginner
4eb61f060e7dcc1d5a80d806c35cc541,SP,sao paulo,1313.0,8,164.13,3.88,7,24.05,Beginner
d6b1ce66b035a475f00c017792ff9769,SP,salto,12277.4,108,113.68,4.17,80,33.17,Beginner
e59aa562b9f8076dd550fcddf0e73491,PR,curitiba,30716.3,82,374.59,4.33,73,40.73,Intermediate
1f50f920176fa81dab994f9023523100,SP,sao jose do rio preto,107147.91,1935,55.37,3.99,1434,124.85,Elite
762ed976527cddf02787edba70fffa2a,PR,londrina,179.8,4,44.95,2.25,1,13.69,Beginner
a5dd1946fb63ada8bcaa0c9cd8f11e22,PE,caruaru,219.62,7,31.37,3.86,5,23.46,Beginner
4c2b230173bb36f9b240f2b8ac11786e,SP,sao paulo,14520.47,344,42.21,3.76,238,38.69,Beginner
b499c00f28f4b7069ff6550af8c1348a,SP,limeira,10192.17,183,55.69,4.23,144,34.95,Beginner
a9b533a26e898b12e8b8d4c07279bf4d,RJ,rio de janeiro,119.6,4,29.9,5.0,4,30.17,Beginner
17306570e772e7718c92a562d33f5f1d,SP,bariri,8640.0,30,288.0,3.77,19,26.98,Beginner
94144541854e298c2d976cb893b81343,RS,viamao,17315.18,77,224.87,4.29,62,34.98,Beginner
30c7f28fd3a5897b2c82d152bb760c17,RJ,niteroi,1849.38,6,308.23,1.4,0,9.32,Beginner
febab0275244b9a49a623f0bd613ca2f,SP,pedreira,7094.82,126,56.31,4.32,106,32.54,Beginner
ef0ace09169ac090589d85746e3e036f,RJ,sao goncalo,16225.3,140,115.89,4.36,117,36.85,Beginner
c826c40d7b19f62a09e2d7c5e7295ee2,SP,guarulhos,44653.04,365,122.34,4.09,292,53.35,Intermediate
1987cd4be10fe09ee50454f9c354d1c6,MG,ouro fino,2877.7,16,179.86,4.25,12,27.13,Beginner
870d0118f7a9d85960f29ad89d5d989a,MG,pocos de caldas,3248.9,64,50.76,4.06,46,27.58,Beginner
e38db885400cd35c71dfd162f2c1dbcf,DF,brasilia,2066.8,32,64.59,4.5,28,28.79,Beginner
2ff6b7bff164ef05590a52734e1296da,PR,londrina,1803.59,7,257.66,4.71,7,29.19,Beginner
e7d5b006eb624f13074497221eb37807,SP,santo andre,3478.93,63,55.22,3.11,27,21.94,Beginner
f5f46307a4d15880ca14fab4ad9dfc9b,SC,rio do sul,1422.94,10,142.29,4.0,7,24.87,Beginner
11305281b50fff20ae8bb473f8e11876,MG,uba,6528.7,40,163.22,4.35,34,29.91,Beginner
3bb548e3cb7f70f28e3f11ee9dce0e59,PR,maringa,7690.02,53,145.09,3.98,40,28.55,Beginner
0ade5cc4a305ed7093a23f68ca47519c,PR,curitiba,158.88,2,79.44,5.0,2,30.12,Beginner
edf96ef93ed595084bbcbd9224bd2894,SP,sao paulo,3757.0,28,134.18,3.79,19,25.08,Beginner
c31eff8334d6b3047ed34bebd4d62c36,SP,salto,12991.61,121,107.37,3.88,84,32.11,Beginner
a13580f0e8f782b7a543885a0ef99f08,RJ,rio de janeiro,1304.9,10,130.49,4.4,9,27.22,Beginner
0d4c8269e7f0401201794deef160edd6,SP,ribeirao preto,792.64,4,198.16,4.0,3,24.44,Beginner
3fd1e727ba94cfe122d165e176ce7967,SP,araraquara,2747.4,36,76.32,3.97,26,26.0,Beginner
d6cd01c59123df02fc226eadbadb5f89,SP,sao paulo,69.9,1,69.9,5.0,1,30.06,Beginner
20a7efa9721046319bdde5d60b6b5365,SP,laguna,501.2,6,83.53,5.0,6,30.38,Beginner
8603f0038fe0e52fedd3382d266723de,SC,garopaba,2355.0,10,235.5,4.4,9,27.64,Beginner
73a63f72308aa20a46f4b1632018f196,PR,curitiba,7640.8,35,218.31,4.32,28,30.03,Beginner
3f9c56764fabca627406093dcb3ef0b4,RJ,rio de janeiro,909.3,7,129.9,4.71,7,28.83,Beginner
1d503743d2526f03f0c2c89540ee008c,SP,sao paulo,516.04,17,30.36,4.24,14,26.16,Beginner
ca77545ca4d2dfd1431bf61334e2fa3c,PR,maringa,760.0,10,76.0,4.8,10,29.4,Beginner
08d0949a9a17c027262db1f3c450c26c,PR,cascavel,354.7,13,27.28,3.54,7,21.77,Beginner
4de6e4ba574aa9dfdc824bc44dc47fdd,PR,colombo,451.1,14,32.22,4.07,11,25.02,Beginner
718539d38d07dd351c76db862760e2e2,SP,campinas,1273.01,43,29.6,4.49,37,28.74,Beginner
eba88037e1dca898cd02881f67ced679,SP,sao paulo,838.1,6,139.68,4.33,5,26.5,Beginner
17908cf9b444ee34047cadd5c0f4a516,GO,anapolis,1993.99,11,181.27,4.55,10,28.43,Beginner
c60b801f2d52c7f7f91de00870882a75,SP,guarulhos,11296.5,39,289.65,3.44,23,26.33,Beginner
4bfc7a4a1cf8d4d2121c27422d9e50b5,SP,sao paulo,8124.4,40,203.11,4.23,29,29.83,Beginner
6b89abe95848c850399130d149a39b63,GO,piracanjuba,1135.2,8,141.9,4.38,7,26.97,Beginner
14f2b3587172b9db894c9bad8dab520b,RS,ipe,244.0,2,122.0,2.5,1,15.16,Beginner
8160255418d5aaa7dbdc9f4c64ebda44,SP,ibitinga,46648.09,427,109.25,3.86,307,54.63,Intermediate
7722b1df1b0e383e000397b2c11e3e19,SP,sao bernardo do campo,7046.6,144,48.93,4.22,115,32.46,Beginner
54a1852d1b8f10312c55e906355666ee,SP,santa barbara d'oeste,17116.45,203,84.32,4.37,173,39.16,Beginner
4869f7a5dfa277a7dca6462dcf3b52b2,SP,guariba,226987.93,1148,197.72,4.14,890,150.08,Elite
fe26f3ecb51a15e6d8335cd92da42562,SP,sao paulo,2708.96,7,386.99,4.43,6,27.87,Beginner
76d64c4aca3a7baf218bf93ef7fa768d,PR,curitiba,17181.7,70,245.45,4.13,54,33.75,Beginner
827f8f69dfa529c561901c4f2e0f332f,PR,curitiba,3438.29,105,32.75,4.25,81,30.03,Beginner
dbb9b48c841a0e39e21f98e1a6b2ec3e,SP,sao paulo,7186.85,118,60.91,4.2,94,31.61,Beginner
7f2617c58d5d06806987308b45654351,SP,sao paulo,3656.8,23,158.99,3.87,16,25.37,Beginner
5cf13accae3222c70a9cac40818ae839,MG,patos de minas,14293.3,155,92.21,4.46,135,37.13,Beginner
86ccac0b835037332a596a33b6949ee1,SC,blumenau,15949.11,210,75.95,4.03,161,36.86,Beginner
06bb3a2fe5e7b7a845b13e8fb91bd944,MG,belo horizonte,1536.19,18,85.34,4.61,17,28.81,Beginner
9d39404483343dd55c7ae254494d8388,SP,sao paulo,293.2,10,29.32,3.5,6,21.42,Beginner
f61c63d13f7cd800549d5acdd390ae72,SP,pilar do sul,3072.3,26,118.17,4.0,21,26.01,Beginner
3a734b715d333a2588a3d54a0c9b8746,SP,osasco,2121.52,21,101.02,4.67,19,29.5,Beginner
f435898e493ba0356019a0b1cb8b55b1,PR,curitiba,649.76,12,54.15,4.33,9,26.6,Beginner
d58d521f3789def2e7a22715e0badd93,SP,sao paulo,65.98,2,32.99,3.5,1,21.09,Beginner
50c9975695009e5e6473912e83a6d1da,MG,claudio,3964.4,68,58.3,3.99,49,27.57,Beginner
59cd88080b93f3c18508673122d26169,SP,praia grande,392.33,12,32.69,4.75,11,29.02,Beginner
b8bc237ba3788b23da09c0f1f3a3288c,SC,itajai,13685.71,47,291.19,4.35,40,32.98,Beginner
c64a2aec32cc408a8a4c6d7c46017f91,RS,imbe,3221.5,9,357.94,3.89,7,24.9,Beginner
8a32e327fe2c1b3511609d81aaf9f042,SP,sao paulo,6139.1,171,35.9,3.95,117,31.29,Beginner
013900e863eace745d3ec7614cab5b1a,PR,curitiba,1619.7,26,62.3,4.73,24,29.81,Beginner
ad420dd0c4f92f8af951ac24b86d0cf5,MG,fronteira,4705.29,46,102.29,4.16,33,28.22,Beginner
6338ea67c41078a46ad99cc009654956,RS,farroupilha,2286.09,44,51.96,4.61,39,29.89,Beginner
3504c0cb71d7fa48d967e0e4c94d59d9,SP,maua,2349.94,53,44.34,4.42,46,29.05,Beginner
74a9b9bddf14ece02beb81f52c41a88d,SP,sao paulo,95.0,2,47.5,3.5,1,21.1,Beginner
ed4acab38528488b65a9a9c603ff024a,SP,sao paulo,12759.45,40,318.99,3.73,26,28.68,Beginner
160e4f13fd3a64b1b86807be88b5ffb0,PR,colombo,886.0,4,221.5,4.25,3,25.97,Beginner
6fc26fe110feebd80a433e1f012a84f9,SP,fernandopolis,4150.87,72,57.65,4.01,57,27.88,Beginner
92eb0f42c21942b6552362b9b114707d,SP,sao paulo,6416.41,358,17.92,3.96,261,37.07,Beginner
6f1a1263039c76e68f40a8e536b1da6a,SP,sao paulop,178.69,5,35.74,2.6,0,15.82,Beginner
77e4abfd739aed9c46480f90f81c0eb4,DF,brasilia,3736.99,18,207.61,4.78,17,30.71,Beginner
1588ac4010787100dddef64568f0ae35,PR,maringa,599.97,3,199.99,3.0,1,18.33,Beginner
05feb94f19d094d4b0f9281f0b1d4c99,SP,mogi das cruzes,9353.0,6,1558.83,4.5,6,30.92,Beginner
6b333a05bf188ef3e1f1662a86bd9855,DF,brasilia,3990.91,13,306.99,4.38,11,28.27,Beginner
73da1880b39c71de2b262bc7720c1494,SP,sao carlos,398.0,2,199.0,5.0,2,30.22,Beginner
7a704e63bb29c446869efde5d57524c8,PR,francisco beltrao,94.49,1,94.49,5.0,1,30.07,Beginner
a72c2f59332659e361d647515c698798,RS,flores da cunha,802.9,6,133.82,4.83,6,29.48,Beginner
c013e57c075a06e5b5c48ee03c525719,SP,sao carlos,1971.55,45,43.81,4.16,32,27.1,Beginner
35857757f553273b1056c1cabdace7fb,SP,ribeirao preto,454.6,6,75.77,4.0,5,24.36,Beginner
c84592044b180dec206770c38603814b,SP,sao paulo,491.94,14,35.14,4.43,12,27.2,Beginner
cfe94489ddd337d1e29e12f2a7205d10,SP,sao paulo,2376.0,24,99.0,4.13,20,26.45,Beginner
15cd6eefe58588619aaed41dfa6621b1,MG,ouro preto,1622.74,18,90.15,4.33,15,27.17,Beginner
ffa6adafb71b807dc13159e26431354c,PR,londrina,2500.9,17,147.11,3.94,12,25.15,Beginner
03a2a6dcbe45d639c4dc2a0d24769c40,SP,maua,1078.41,9,119.82,4.11,7,25.36,Beginner
c3acdfac4e3e97ff87529454fbc03642,SP,sao paulo,16788.0,12,1399.0,4.25,9,32.58,Beginner
446cc09cdbb130904da114e807dbec40,SP,sao paulo,252.8,3,84.27,4.67,3,28.21,Beginner
a06c8ff043abea0528ee44171e2140a2,MG,divinopolis,514.5,8,64.31,4.75,8,28.95,Beginner
39d61be7a92eb77b7da367bd4845bc0e,SP,sao paulo,700.59,14,50.04,4.21,11,25.96,Beginner
ef506c96320abeedfb894c34db06f478,SP,sao paulo,9596.49,333,28.82,3.93,232,37.41,Beginner
270297ead4c65a6cd2593960d2af6b21,SP,sao paulo,9344.4,19,491.81,3.74,13,26.75,Beginner
3d871de0142ce09b7081e2b9d1733cb1,SP,campo limpo paulista,93456.4,1132,82.56,4.15,881,96.24,Elite
cc419e0650a3c5ba77189a1882b7556a,SP,santo andre,103152.56,1759,58.64,4.15,1363,118.93,Elite
fa40cc5b934574b62717c68f3d678b6d,SP,sao paulo,15945.38,338,47.18,4.44,286,43.16,Intermediate
cce6ab8d1682639fe45ab70234f1665f,SP,curitiba,2442.7,64,38.17,4.53,57,30.08,Beginner
002100f778ceb8431b7a1020ff7ab48f,SP,franca,1236.5,55,22.48,4.04,39,26.38,Beginner
13074f016982ff2bd6c58ced8682f000,RS,bento goncalves,1977.0,14,141.21,4.14,12,26.05,Beginner
a2e874074c877c5a05abae80ad6e488f,SP,sao jose do rio preto,7355.0,42,175.12,4.19,34,29.34,Beginner
5b664594895aefb418afaee6d40a9a23,RJ,petropolis,1008.8,22,45.85,3.64,16,22.9,Beginner
06e5eefc71ec47ae763c5c6f8db7064f,RS,porto alegre,21648.67,93,232.78,3.96,68,35.21,Beginner
229c3efbfb0ea2058de4ccdfbc3d784a,MG,belo horizonte,15479.0,145,106.75,3.64,97,32.38,Beginner
751bdc4d83a466c7206cd42e8f426b03,SP,ribeirao pires,6592.94,70,94.18,3.63,41,26.52,Beginner
26d8a1c7c75d513045798992ead43aa2,PR,apucarana,5937.13,36,164.92,4.33,30,29.43,Beginner
77530e9772f57a62c906e1c21538ab82,PR,curitiba,46222.6,384,120.37,4.09,299,54.55,Intermediate
d91fb3b7d041e83b64a00a3edfb37e4f,SP,praia grande,41272.38,554,74.5,4.14,431,57.97,Intermediate
76d5af76d0271110f9af36c92573f765,SP,sao paulo,31944.6,155,206.09,4.1,120,42.03,Intermediate
5f1dc28029d2c244352a68107ec2b542,SP,sao paulo,2807.3,78,35.99,4.43,68,30.04,Beginner
406822777a0b9eb5c50e442dd4cd3ec5,SP,tatui,3548.09,46,77.13,4.36,37,28.96,Beginner
d97df38225e5abadaff1e72cb72b823c,SP,sao caetano do sul,1776.0,28,63.43,3.93,19,25.13,Beginner
8f119a0aee85c0c8fc534629734e94fd,SP,barueri,3578.88,81,44.18,4.25,66,29.36,Beginner
a673821011d0cec28146ea42f5ab767f,SP,sao paulo,13600.79,144,94.45,3.91,99,33.22,Beginner
f44bdc12aa39f5271f0b95f66cd4c289,SP,braganca paulista,357.5,7,51.07,2.86,3,17.51,Beginner
4e7c18b98d84e05cbae3ff0ff03846c2,SP,jaboticabal,9445.9,90,104.95,4.18,70,31.56,Beginner
c6bda72e4dbf5c5866b13cb1810c6d03,SP,sao paulo,14169.28,60,236.15,4.38,52,33.75,Beginner
128f9bfbe4c7d5185033914b1de3d39a,SP,atibaia,1267.39,15,84.49,4.8,15,29.76,Beginner
cb3dd9ce66268c7a3ca7241ac70ab58c,SP,sao paulo,2900.29,53,54.72,4.25,43,28.25,Beginner
f08c008c8a8d31417763738a1788a2a8,PR,santa terezinha de itaipu,1211.92,21,57.71,3.3,9,20.91,Beginner
768de2a4fc06aacecb9a586ccc30746a,DF,brasilia,442.7,13,34.05,4.38,11,26.85,Beginner
8602a61d680a10a82cceeeda0d99ea3d,SP,sao paulo,826.99,19,43.53,4.47,17,27.72,Beginner
5acd070dd3fe441bbb2ec1f1ede515ee,SP,jundiai,764.17,8,95.52,2.75,3,17.05,Beginner
81ed90f07c0bacb7594940ba2ef676aa,MG,divinopolis,223.9,2,111.95,4.5,2,27.15,Beginner
df0f42bc4c2142eacf0eaf2cffd0cfbb,SC,itajai,1654.0,16,103.38,4.06,12,25.5,Beginner
abe42c5d03695b4257b5c6cbf4e6784e,RJ,rio de janeiro,17000.0,49,346.94,3.96,35,32.03,Beginner
a2a41aedb70551d4a85aa04dc2fced48,SP,sao paulo,52.79,2,26.4,4.0,1,24.08,Beginner
a44fb5a447105f8469bdf16bf9159f25,RS,porto alegre,3706.1,19,195.06,4.05,14,26.35,Beginner
9b522ba7eae9e1d04082f267144583cc,SP,sao paulo,1478.6,5,295.72,4.8,5,29.54,Beginner
d63c73efd41eb002280e7ec831424edb,SP,piracicaba,5598.0,2,2799.0,4.0,1,26.3,Beginner
26785a546900236d66f2e4197c211158,SP,sao paulo,1019.2,15,67.95,4.67,14,28.88,Beginner
f4db9b37944bcb8873e6b456ee190bbf,SP,itaquaquecetuba,3409.78,22,154.99,4.55,19,29.32,Beginner
5343d0649eca2a983820bfe93fc4d17e,SP,santo andre,9819.02,110,89.26,3.64,66,29.07,Beginner
eb5b6204dde3a6e03b5f1bb8479f055b,SP,embu guacu,452.2,21,21.53,3.86,15,23.97,Beginner
ed4311e67debd72b8610a5347a743087,SP,guarulhos,3636.0,26,139.85,4.48,23,29.11,Beginner
e64882b4ef12aee8d0faca4db5b681f4,GO,goiania,230.0,2,115.0,4.0,2,24.15,Beginner
cf8ab1616079e2793aa29d524df01bb1,SP,sao paulo,9594.0,6,1599.0,2.5,2,19.02,Beginner
fec8cd45395b3cb0c2b173d7739706a1,SP,jambeiro,1280.0,4,320.0,3.75,2,23.13,Beginner
0b18d63d0cd1d723567903fd34a07df2,SP,sp,1678.14,14,119.87,4.79,14,29.83,Beginner
05a940b4ecae36cadfd8e93bd9c43257,GO,goiania,695.1,9,77.23,4.22,8,25.87,Beginner
70849ca4f400aaabb62cb7462a6f1428,MG,belo horizonte,909.58,12,75.8,4.42,10,27.24,Beginner
5bc55dbe2f12b6af6d83ed46023e0dc8,MG,coronel fabriciano,2992.1,21,142.48,2.33,4,15.81,Beginner
b1a81260566c1bac3114a6d124413f27,RS,carazinho,8684.69,54,160.83,4.22,45,30.41,Beginner
af7cdac9d9897cddead9c6b08976c642,SP,laranjal paulista,543.54,6,90.59,3.67,4,22.42,Beginner
edd066cd02126d7800f9b66e980e9931,DF,brasilia,987.7,6,164.62,5.0,6,30.58,Beginner
4d6d651bd7684af3fffabd5f08d12e5a,SP,jau,43317.9,391,110.79,4.21,319,54.32,Intermediate
9f505651f4a6abe901a56cdc21508025,SP,sao paulo,25977.83,427,60.84,4.31,347,49.06,Intermediate
7d76b645482be4a332374e8223836592,SP,sao paulo,3765.74,183,20.58,3.97,132,30.82,Beginner
1da3aeb70d7989d1e6d9b0e887f97c23,SP,sao paulo,8717.54,326,26.74,4.07,250,37.69,Beginner
1a3df491d1c4f1589fc2b934ada68bf2,SC,joinville,22693.2,173,131.17,4.24,138,39.71,Beginner
7c1fea10b5b006671d608b1d7c446ec4,SP,boituva,423.6,14,30.26,4.0,12,24.59,Beginner
15aac934c58d886785ac1b17953ea898,ES,muqui,4353.9,26,167.46,4.12,21,27.24,Beginner
0ad80de75c811326389cfb1daba7d45e,RJ,rio de janeiro,1449.4,6,241.57,5.0,5,30.76,Beginner
634964b17796e64304cadf1ad3050fb7,RJ,rio de janeiro,39114.1,323,121.1,3.87,229,48.56,Intermediate
e48b04bf1aa1ef711caebeb7aede6180,PR,curitiba,3187.1,25,127.48,4.48,23,28.9,Beginner
0b3f27369a4d8df98f7eb91077e438ac,SP,aruja,245.18,3,81.73,3.67,1,22.21,Beginner
8b28d096634035667e8263d57ba3368c,SP,sao jose dos campos,9025.3,151,59.77,3.9,108,31.54,Beginner
c1ed9e3daf6154542826a6996af0fb8c,SC,itajai,757.5,16,47.34,4.63,14,28.56,Beginner
cab85505710c7cb9b720bceb52b01cee,SP,sao paulo,11239.4,206,54.56,4.34,172,36.72,Beginner
79ebd9a61bac3eaf882805ed4ecfa12a,PR,cascavel,14987.89,142,105.55,4.02,109,34.38,Beginner
376a891762bbdecbc02b4b6adec3fdda,GO,goiania,6406.23,58,110.45,4.67,54,32.32,Beginner
bbaff50f3b708fda865918715276cd87,SP,atibaia,449.7,16,28.11,4.81,15,29.52,Beginner
984c273121e743dd14767befe6cb17f5,SP,americana,259.6,1,259.6,1.0,0,6.13,Beginner
3969863bb8af7f72580b3b1ffd3a17b3,SP,sao paulo,623.15,13,47.93,4.0,9,24.64,Beginner
ff063b022a9a0aab91bad2c9088760b7,SP,santo andre,12076.5,96,125.8,4.28,80,33.39,Beginner
1b1ae47a313a825a7ccceb8e2e30fa9d,PR,bocaiuva do sul,2184.0,10,218.4,4.22,7,26.49,Beginner
66e0557ecc2b4dbea057e93f215f68d8,SP,sao paulo,12141.0,30,404.7,4.03,22,29.94,Beginner
527801b552d0077ffd170872eb49683b,SP,garca,17942.8,92,195.03,4.48,80,36.82,Beginner
a23266650e7c84bb93fbbba502137478,RS,porto alegre,1512.4,16,94.53,3.25,9,20.58,Beginner
f593898ec748b7a8cb81fc04edafd98a,SP,pedreira,2588.04,22,117.64,3.45,13,22.4,Beginner
c35affa65afd250151285c5917fc1c8a,SP,sao paluo,4779.92,8,597.49,4.25,7,27.65,Beginner
52f9db5cfb423382a2fa5c9e39303202,SP,echapora,1218.78,22,55.4,4.32,19,27.07,Beginner
a888faf2d1baececa6baf9c3d603ee1f,PR,umuarama,17564.8,54,325.27,4.11,42,33.31,Beginner
b347677812ea483b0f528eaf8cbc09b7,PR,curitiba,7288.99,21,347.09,4.52,19,30.67,Beginner
c89cf7c468a48af70aada384e722f9e2,RJ,petropolis,745.0,14,53.21,4.0,10,24.72,Beginner
3c487ae8f8d7542beff5788e2e0aea83,DF,gama,9385.7,33,284.42,3.91,25,28.2,Beginner
974cf2cb8f4b7add98709c30df02fe10,SP,araraquara,2694.7,30,89.82,4.17,24,27.0,Beginner
fe701d88b67eaca109dffd464d1be9f9,RJ,marica,1359.0,10,135.9,4.3,8,26.64,Beginner
f44b6f775a2b390380e0e30b5c9d3eee,SP,sao paulo,2930.0,10,293.0,4.9,10,30.87,Beginner
c79151301b9d90985d1fa52879213105,PR,maringa,267.1,7,38.16,4.86,7,29.48,Beginner
5eeb9c756d9780b96283e5a2ac6da334,SP,ribeirao preto,2471.0,9,274.56,4.22,7,26.58,Beginner
de722cd6dad950a92b7d4f82673f8833,PE,recife,55126.3,377,146.22,4.17,312,58.38,Intermediate
b2479f944e1b90cf8a5de1bbfde284d6,SP,ibitinga,4848.5,132,36.73,3.32,74,25.82,Beginner
bafc5aa11e413978be29040f51342e70,MG,belo horizonte,1679.55,9,186.62,3.78,6,23.62,Beginner
821fb029fc6e495ca4f08a35d51e53a5,SP,sao paulo,17851.62,25,714.06,3.5,16,28.89,Beginner
bc47d5d1490df2b36add65d733eafaba,SP,santo andre,929.8,22,42.26,3.55,14,22.33,Beginner
b5bb2b985208834bd5bd86c7a402bbad,RS,venancio aires,621.06,2,310.53,5.0,2,30.31,Beginner
14ee35374a7876217954b5fa08e50463,SP,sao jose do rio preto,809.0,6,134.83,4.33,5,26.48,Beginner
87b740daf17b5d1be335a64164ec6842,SP,suzano,12099.89,11,1099.99,3.73,9,27.55,Beginner
4091f77d8c768fc3e81c20761471761d,SP,sao paulo,1079.0,8,134.88,2.75,3,17.17,Beginner
0885aaf116795758dfeb5f1032487bcd,SP,ferraz de vasconcelos,2573.1,29,88.73,4.24,23,27.34,Beginner
22c32ec35d0116ef02c281798a25bf8b,PR,maringa,119.58,6,19.93,3.5,2,21.23,Beginner
e5f9e61ceb5f523cc966e0f34095032f,SC,brusque,2908.0,5,581.6,4.2,4,26.51,Beginner
15ead3a5037a918ddb520dfe39a3d2b9,MG,conselheiro lafaiete,254.5,7,36.36,4.86,7,29.47,Beginner
d52cbce9845184537284a23c3bc3da0e,SC,garopaba,75.0,4,18.75,5.0,4,30.15,Beginner
76de363de16dacc923eec8daf91df504,SC,xaxim,360.0,2,180.0,2.5,1,15.2,Beginner
8b2d4ab22f42c5cfc338b846decfda60,PR,fazenda rio grande,458.0,9,50.89,4.78,9,29.13,Beginner
851773c885feb5e2da3b4f82bc2b17ce,SP,lencois paulista,585.3,10,58.53,4.2,8,25.73,Beginner
cac876b37d3abcd6bd76caca30277996,PR,cascavel,2229.77,33,67.57,4.56,29,29.24,Beginner
79a679c36c08d606b3fd47ead9de109b,SP,sao paulo,935.0,7,133.57,2.71,4,16.84,Beginner
fce62094ffe6a4009188ec44e681dfdd,SP,sao paulo,2969.7,11,269.97,3.18,6,20.6,Beginner
2f1e7b90e01d9f086cbcb301c0c3d406,SC,blumenau,59.0,1,59.0,5.0,1,30.05,Beginner
6560211a19b47992c3666cc44a7e94c0,SP,sao paulo,120983.82,2002,60.43,3.95,1439,132.15,Elite
4e922959ae960d389249c378d1c939f5,SP,jacarei,45338.42,446,101.66,3.9,323,54.92,Intermediate
2c9e548be18521d1c43cde1c582c6de8,SP,mogi das cruzes,6013.56,171,35.17,3.95,123,31.24,Beginner
afe0067131b73e40875c9b6c10bd2e21,MG,lagoa da prata,5040.5,45,112.01,4.27,37,28.99,Beginner
8ec76bb0965af3f007692b26fa9d6623,SC,criciuma,1999.0,1,1999.0,5.0,1,30.83,Beginner
a369d693961cb93b61ca2cc518872a85,SP,sao jose do rio preto,2597.0,18,144.28,4.11,13,26.24,Beginner
1b4c3a6f53068f0b6944d2d005c9fc89,SC,sao ludgero,14469.5,116,124.74,4.15,90,34.17,Beginner
bacb1f0ed56ad24198f5810d2b3fe9a5,SP,jacarei,6078.05,38,159.95,4.32,31,29.49,Beginner
3340ef1913fb70d28420f6ceb685c339,PR,maringa,6731.15,42,160.27,4.33,35,29.93,Beginner
9539213aa8e023c01937bef95dc006da,SP,sao paulo,229.1,9,25.46,4.56,8,27.72,Beginner
8444e55c1f13cd5c179851e5ca5ebd00,MG,congonhal,21480.96,102,210.6,3.16,54,30.61,Beginner
ececbfcff9804a2d6b40f589df8eef2b,SP,franca,6771.14,104,65.11,4.13,82,30.61,Beginner
4917cee8d902e13428c3ec4b1ca6f315,SC,blumenau,5103.9,31,164.64,4.16,25,27.93,Beginner
2089a6d640999f9b9141ac719b2af596,SP,sao carlos,7676.02,41,187.22,3.93,31,27.88,Beginner
3078096983cf766a32a06257648502d1,SP,scao jose do rio pardo,7910.84,61,129.69,4.3,50,30.79,Beginner
11bfa66332777660bd0640ee84d47006,SP,ribeirao preto,4146.86,103,40.26,3.78,72,27.43,Beginner
bf3c6d2a28b2b5501e6c15448982dcc9,SP,sao paulo,3956.5,43,92.01,4.42,37,29.39,Beginner
ea566164622c6b439516ab18062c42cd,SP,sao  paulo,10309.42,52,198.26,3.75,34,28.18,Beginner
f4c4daa86e30c7e5a553a8d518ac03a5,PR,cascavel,5984.31,18,332.46,4.0,14,26.93,Beginner
8bd0e3abda539b9479c4b44a691be1ec,RS,tres de maio,474.15,13,36.47,2.0,3,12.58,Beginner
7b0df942f46435babab05d49b744b2c4,SP,braganca paulista,22600.63,32,706.27,4.39,27,36.34,Beginner
c4fb51fb1c5b7c07bc5e67be6e7e8f6e,PR,curitiba,1567.9,16,97.99,3.5,8,22.11,Beginner
9baf5cb77970f539089d09a38bcec5c3,SP,indaiatuba,5989.68,32,187.18,4.44,29,30.0,Beginner
e3e290b38963293022cdcd6db8328103,SP,sao paulo,135.7,3,45.23,3.33,2,20.12,Beginner
5f5b43b2bffa8656e4bc6efeb13cc649,SP,sao paulo,3677.2,29,126.8,4.45,26,29.04,Beginner
b56906f7fd1696e043f1bcce164c487b,SP,echapora,2148.49,42,51.15,3.95,30,25.82,Beginner
2a84855fd20af891be03bc5924d2b453,MG,belo horizonte,14989.0,159,94.27,4.36,131,36.93,Beginner
312ba1d77e9c332ef21f9598b7f64cd7,SP,guarulhos,567.0,8,70.88,3.38,4,20.75,Beginner
7d456afc660226829370f3173d14520c,SP,mogi das cruzes,8456.25,91,92.93,4.27,79,31.73,Beginner
f918546be4bec7104d117789ba758b2b,SP,sao paulo,1483.0,23,64.48,3.83,17,24.26,Beginner
f8201cab383e484733266d1906e2fdfa,SC,palhoca,889.0,10,88.9,4.1,8,25.26,Beginner
33a6f4b1e7cdc205511e76ba1b6e0186,SP,guarulhos,10295.01,126,81.71,4.36,108,34.06,Beginner
76623fde66e6b63b59440fd34160512d,SP,guarulhos,65.4,3,21.8,4.0,2,24.12,Beginner
7354220fb240bde543b3c40c060d41e7,DF,brasilia,672.0,7,96.0,4.57,7,27.9,Beginner
9cea4682e16655f7da87f406902e989e,PR,araucaria,87.76,9,9.75,2.33,3,14.29,Beginner
099095b050cfe8eb1ddff5317587e96e,SP,sao paulo,5003.84,19,263.36,3.05,9,20.87,Beginner
f62d7bb4a613ec758a03342d46b580b2,MG,vicosa,24665.0,32,770.78,4.38,27,37.11,Beginner
f9d010e39375d9c91dce3f40b73a2f84,SP,lorena,1212.0,5,242.4,3.0,2,18.63,Beginner
485452467ff670447e84a8370c3fc898,SC,taio,175.7,3,58.57,4.67,3,28.18,Beginner
0417b067eeab773d2f7061a726dc477f,SC,sao bento do sul,1859.18,13,143.01,3.92,10,24.65,Beginner
5f67c6082caacb26e431a7b17940cece,PR,maringa,1662.6,14,118.76,3.57,9,22.51,Beginner
085f6f7e049c996695fb2074fe38d45e,SP,taubate,305.4,8,38.18,3.63,6,22.14,Beginner
42d4b7e70819438f5ada61c965e92d7e,GO,goiania,49.6,3,16.53,1.0,0,6.11,Beginner
3a1a1fec38dd360f15fc912e821e169d,SP,sao paulo,2007.38,15,133.83,3.87,10,24.47,Beginner
9ef932e837d8b7f392c0bfee9d359dc2,SP,ibitinga,59.9,1,59.9,3.0,0,18.05,Beginner
e8b3a3a38279a82f0e5d006d5e5b7d2c,PR,jussara,11962.3,86,139.1,3.94,64,31.0,Beginner
4cf490a58259286ada5ba8525ba9e84a,SP,tabatinga,1075.3,7,153.61,3.43,4,21.22,Beginner
282f23a9769b2690c5dda22e316f9941,MG,belo horizonte,6464.28,109,59.31,4.33,89,31.84,Beginner
75fbb52eda0cbc24f479d3b2fbfa8d3e,GO,goiania,1094.19,41,26.69,4.49,38,28.61,Beginner
79ed755314cfe6df0daef2c6cd3022cd,SP,rio claro,3907.5,25,156.3,4.7,21,30.51,Beginner
ad8b531ae67582f096925cff5630d0d1,PR,castro,198.45,2,99.23,4.0,2,24.14,Beginner
4e06067cc08b3f41d837768d392c3ee3,MG,betim,941.72,46,20.47,4.17,35,26.78,Beginner
1da366cade6d8276e7d8beea7af5d4bf,MG,uba,6348.59,48,132.26,3.98,36,27.86,Beginner
0ebd97a106433a45a4aebe57c1799778,MG,contagem,3046.8,32,95.21,4.5,29,29.18,Beginner
16090f2ca825584b5a147ab24aa30c86,SP,atibaia,25579.16,406,63.0,4.07,311,46.83,Intermediate
093805f8f2aeb63881444571e1f48f30,SP,osasco,1215.79,27,45.03,3.81,18,24.16,Beginner
e067ad2c1c0b48758eb1b5228bcf7a68,SP,santos,5042.55,61,82.66,4.13,48,28.63,Beginner
42bde9fef835393bb8a8849cb6b7f245,DF,brasilia,7574.0,39,194.21,4.28,32,29.88,Beginner
f8d5c7085db9a4ad2b8c1ffbeb2798c8,SP,sao paulo,263.0,6,43.83,5.0,6,30.29,Beginner
d71d863e5ef30d94e440c11be17dcd8f,SP,osasco,9246.9,30,308.23,3.57,16,26.02,Beginner
d23019c84ffae2d5ef2270367b8605fc,PR,londrina,29205.1,39,748.85,4.41,35,39.31,Beginner
6bbcb8924baf70b7fe2fe2097e8cd407,SC,blumenau,2382.5,11,216.59,4.55,10,28.58,Beginner
10ff823eda2b032e2c93d17a7d294736,SP,pederneiras,1144.98,8,143.12,4.25,6,26.2,Beginner
33576ec5412fb5905d876f12f33bfde6,PR,curitiba,2807.0,33,85.06,4.12,26,26.83,Beginner
fc38b5dceee1a730fad8853453437fbd,SP,campinas,119.2,5,23.84,4.6,5,27.8,Beginner
65a7c0788e4d632ccb5e1b594b87f0bb,SP,sao paulo,343.9,13,26.45,4.38,9,26.81,Beginner
34d1ca11b242c0fee2c834ae8d788566,MG,congonhas,13422.24,41,327.37,4.3,32,32.4,Beginner
4b98b0428fc1932cc2514ef9ce2505e6,SP,taboao da serra,465.51,3,155.17,2.33,1,14.26,Beginner
c4fabeea6e569d42d02993bb1f4f1cbc,CE,fortaleza,859.3,11,78.12,4.0,9,24.67,Beginner
b561927807645834b59ef0d16ba55a24,SP,sao paulo,4501.99,95,47.39,4.34,84,30.69,Beginner
293dee954235e4e4e43f129313625ebe,DF,brasilia,1829.91,9,203.32,5.0,9,31.0,Beginner
08633c14ef2db992c11f840f04fad4cd,SP,ribeirao pires,7644.3,97,78.81,4.24,81,31.41,Beginner
8fec2e460530482132c436cfb5439925,SP,laranjal paulista,468.46,5,93.69,3.8,2,23.14,Beginner
00720abe85ba0859807595bbf045a33b,SP,guarulhos,1007.5,26,38.75,3.65,15,23.08,Beginner
07de60b03d150fb3ea09eab5da5e4c8b,SP,ibitinga,719.1,9,79.9,4.33,8,26.54,Beginner
39f776d2974049026ff531fc42ef2a3e,GO,goiania,1084.04,4,271.01,4.0,3,24.55,Beginner
bbf9ad41dca6603e614efcdad7aab8c4,CE,fortaleza,7846.0,14,560.43,4.5,13,30.56,Beginner
53d00c40e32aeb924a84ce72b1af869d,SP,ibitinga,2165.85,17,127.4,4.35,14,27.48,Beginner
4cc43a222a0f94910728b62b97a8c5f8,SP,ribeirao preto,108.5,1,108.5,3.0,0,18.07,Beginner
968268a686aa05d1f529fb07dff08130,SP,sao paulo,4677.29,12,389.77,3.5,7,23.23,Beginner
5a05a16bb50629ee31afab8a6d4c2674,RS,caxias do sul,794.3,15,52.95,4.0,12,24.77,Beginner
ba5daa4041e1f15cdf34b76e3e18a450,SP,sao paulo,806.8,15,53.79,4.27,12,26.39,Beginner
c54679b132454625907c773d273d4126,SP,guaruja,1032.0,8,129.0,4.88,8,29.93,Beginner
d1c7fa84e48cfa21a0e595167c1c500e,RS,jacutinga,1156.03,12,96.34,4.33,10,26.8,Beginner
f6122bc84774df1b372bdb3bb88ddb9f,SP,barueri,4799.87,3,1599.96,3.67,2,24.03,Beginner
ea65d8b58316a6f2362f2a9e4b3e86ad,SP,campinas,2061.4,16,128.84,3.19,9,20.44,Beginner
41b14765bd56c8ad10971074380f9c0c,SP,santo andre,395.5,10,39.55,4.1,7,25.06,Beginner
dfc475d54e1b6dbeeb7d7d9bdaa63827,PR,curitiba,1708.37,20,85.42,4.55,18,28.58,Beginner
e82de6494d91d3c4c54450f59b227a94,SP,ibitinga,118.9,3,39.63,5.0,2,30.14,Beginner
391fc6631aebcf3004804e51b40bcf1e,SP,ibitinga,40067.23,619,64.73,3.97,448,58.42,Intermediate
1dfe5347016252a7884b694d4f10f5c4,SP,ibitinga,1632.5,26,62.79,3.19,14,20.57,Beginner
9b013e03b2ab786505a1d3b5c0756754,SP,vicente de carvalho,8714.55,220,39.61,4.06,167,34.45,Beginner
31344c16881c08a8a72c6d2eb29918c1,MG,uba,9365.8,42,223.0,4.43,36,31.59,Beginner
6c7d50c24b3ccd2fd83b44d8bb34e073,SP,presidente prudente,8445.96,126,67.03,4.44,112,33.8,Beginner
3d39fbf22a665714baf62fae36029e23,SP,campinas,2504.2,8,313.03,4.75,8,29.74,Beginner
e62b2d6ac10570a035a30bafcf01d263,SP,sao paulo,5340.39,71,75.22,3.83,48,27.25,Beginner
6860153b69cc696d5dcfe1cdaaafcf62,SP,capivari,3827.63,84,45.57,4.16,66,29.01,Beginner
b0b346d3a89f5eb4c2968af3f083cd43,SP,campinas,469.0,9,52.11,3.78,7,23.14,Beginner
729f06993dac8e860d4f02d7088ca48a,SP,limeira,19885.18,113,175.98,4.33,92,37.32,Beginner
a3dd39f583bc80bd8c5901c95878921e,BA,salvador,4659.81,38,122.63,4.61,36,30.66,Beginner
f84a00e60c73a49e7e851c9bdca3a5bb,RJ,rio de janeiro,5849.24,97,60.3,3.72,64,27.57,Beginner
0db783cfcd3b73998abc6e10e59a102f,SP,santos,9077.4,137,66.26,4.21,110,33.0,Beginner
be8e909810184b9b19e886129149d8e5,SP,piracicaba,629.85,15,41.99,3.73,10,23.08,Beginner
a416b6a846a11724393025641d4edd5e,SP,sao paulo,24930.24,176,141.65,4.22,138,40.57,Intermediate
ad97a199236354e53fcd91a5a913e9a2,SC,brusque,12446.85,17,732.17,4.47,16,32.31,Beginner
52d76513f0c4d97f3b99570e2c94ee31,RS,novo hamburgo,8153.1,28,291.18,3.88,15,27.38,Beginner
e9c6969d40e6a3d2d0f90013165c2b98,SP,sao paulo,5239.98,10,524.0,4.4,9,28.8,Beginner
9bc484c87d79cd4874e05ca182658045,SP,sao paulo,970.0,8,121.25,4.25,7,26.13,Beginner
68f86ba270525243e68ae74044f992b9,RJ,rio de janeiro,777.5,11,70.68,4.36,9,26.8,Beginner
d93919c944be9cff128f6c9cb899eacb,SP,mombuca,2666.7,33,80.81,4.0,24,26.06,Beginner
aced59e9b31ef866a94f9e7f29d8d418,SP,sao paulo,7302.7,69,105.84,4.43,60,31.57,Beginner
b90e891671cffd9557f33a97dc523645,PR,sao jose dos pinhais,4449.0,39,114.08,4.13,29,27.73,Beginner
9fc70243fb26800cba56e8f014797004,MG,belo horizonte,466.6,7,66.66,4.57,6,27.82,Beginner
624f4ece8da4aafb77699233d480f8ef,SP,sao paulo,9046.0,54,167.52,4.19,41,30.38,Beginner
b2eecf5ea250510da76590ca79d60e5d,SP,sao paulo,1060.0,11,96.36,5.0,11,30.75,Beginner
8d956fec2e4337affcb520f56fd8cbfd,SP,sao bernardo do campo,11025.13,228,48.36,4.21,187,36.51,Beginner
2b3e4a2a3ea8e01938cabda2a3e5cc79,SP,sao paulo,23629.15,54,437.58,4.39,46,37.41,Beginner
3bdff180c7e1f6551a643b99c265a120,SP,sao paulo,3008.2,58,51.87,4.18,44,28.02,Beginner
968ee78631915a63fef426d6733d7422,RS,erechim,450.0,2,225.0,3.0,1,18.24,Beginner
71271995e85f5b8530be99ed54a91b89,RS,porto alegre,582.0,6,97.0,3.0,2,18.41,Beginner
df560393f3a51e74553ab94004ba5c87,PR,loanda,3429.78,27,127.03,3.93,19,25.76,Beginner
51a04a8a6bdcb23deccc82b0b80742cf,SP,braganca paulista,167.99,1,167.99,1.0,0,6.1,Beginner
2a6fbeaa7ab9e5d59a35841a8da71ce4,SC,jaragua do sul,1632.79,30,54.43,3.93,20,25.13,Beginner
87d30a6a0cbf89356e49324971ab1d24,SP,sao paulo,2134.13,17,125.54,4.35,15,27.46,Beginner
ff4e2d38692ce827b1a4f4b8196e680d,SP,sao paulo,518.9,11,47.17,4.27,8,26.16,Beginner
5f3ae9136c875522250f8184f253413a,SP,sao paulo,1143.05,45,25.4,4.58,39,29.29,Beginner
344223b2a90784f64136a8a5da012e7f,SC,gaspar,10.9,1,10.9,2.0,0,12.03,Beginner
f76a3b1349b6df1ee875d1f3fa4340f0,SP,sao paulo,4160.79,24,173.37,3.46,12,23.14,Beginner
f125f3a310c2e5f822d116147de1e474,SP,sao paulo,2761.4,22,125.52,4.36,18,27.92,Beginner
232a6014e7b10cba61c6c2b2ea6bb4b0,SP,cafelandia,3819.97,35,109.14,4.09,28,27.12,Beginner
d9e7e7778b32987280a6f2cb9a39c57d,SP,sao paulo,722.5,13,55.58,3.15,6,19.58,Beginner
c794dab4928dd97beb41d05514441e86,SP,artur nogueira,1312.4,16,82.02,4.38,14,27.28,Beginner
661ad5fcc28cdfb8bcadb12bb2272475,SC,balneario camboriu,209.93,7,29.99,5.0,7,30.29,Beginner
5305693ffae2d3463377b1f6fe67b15a,SP,penapolis,93.56,1,93.56,5.0,1,30.07,Beginner
bb5d956dece964a06c12bceb66b923ae,RJ,rio de janeiro,1278.36,2,639.18,5.0,2,30.57,Beginner
f18112da765e0971ca5d510dec322bdd,SC,brusque,327.8,2,163.9,4.0,2,24.19,Beginner
3afc536624bc2e65bddfb5db33cc01f3,MG,belo horizonte,312.0,6,52.0,3.5,4,21.3,Beginner
c3fe93ba3085f92855c97e57f38c8c05,PR,curitiba,219.0,6,36.5,5.0,6,30.27,Beginner
bd15ee794d5e640d9dd71b665b2ab15b,SP,ribeirao preto,374.8,12,31.23,4.0,10,24.51,Beginner
ede0c03645598cdfc63ca8237acbe73d,SP,ribeirao preto,2352.15,47,50.05,3.67,31,24.37,Beginner
fd386aa7bed2af3c7035c65506c9b4a3,SP,sao paulo,2304.15,76,30.32,4.36,63,29.36,Beginner
262237171f48e85819065498cac80d7b,SC,brusque,599.0,10,59.9,4.3,10,26.34,Beginner
ac6417315ae5da8f9a38ee11de6f7780,SP,aruja,716.4,7,102.34,4.14,5,25.34,Beginner
b839e41795b7f3ad94cc2014a52f6796,SP,sao caetano do sul,42829.0,36,1189.69,4.03,27,42.39,Intermediate
77a515caa36327151d1cc6c32a9f00e1,SP,diadema,2217.39,26,85.28,4.42,22,28.19,Beginner
00ee68308b45bc5e2660cd833c3f81cc,SP,sao paulo,20345.0,173,117.6,4.33,145,39.31,Beginner
da8622b14eb17ae2831f4ac5b9dab84a,SP,piracicaba,162303.67,1571,103.31,4.08,1198,136.53,Elite
3b15288545f8928d3e65a8f949a28291,SP,ibitinga,14084.79,121,116.4,3.91,89,32.72,Beginner
679769a98cfcc6da877c8486ff1c13f3,MG,ipatinga,7029.0,21,334.71,4.57,19,30.86,Beginner
bd0389da23d89b726abf911cccc54596,DF,brasilia,7472.16,90,83.02,4.2,70,30.89,Beginner
048c2757535328e0d7dac690ad3c0aae,SP,franca,9065.08,50,181.3,4.24,40,30.57,Beginner
80e6699fe29150b372a0c8a1ebf7dcc8,PR,pinhais,11119.66,98,113.47,4.35,85,33.49,Beginner
9e9b539eb2806acee3f5c28085c1db9f,MG,contagem,967.0,3,322.33,3.67,2,22.5,Beginner
37be5a7c751166fbc5f8ccba4119e043,SP,sao paulo,55525.54,282,196.9,4.31,237,56.53,Intermediate
cac4e0bc1a3269fa2b6ea5e763f6115b,SC,brusque,57.88,3,19.29,5.0,3,30.11,Beginner
d98eec89afa3380e14463da2aabaea72,RS,porto alegre,7008.52,184,38.09,4.29,151,34.06,Beginner
4a3ccda38b2129705f3fb522db62ca31,SP,marilia,16730.99,74,226.09,3.81,51,31.77,Beginner
0ac4201fda2c68ebc0e47cb9423cf3c9,SP,sao paulo,1716.87,15,114.46,4.33,12,27.12,Beginner
a938325a4b357fd23a6a4d5bb126408e,RJ,nilopolis,3231.0,25,129.24,3.88,20,25.32,Beginner
2e3be8a987a30d7544dbbda6861cc14e,MG,belo horizonte,2472.86,15,164.86,3.6,10,23.04,Beginner
744dac408745240a2c2528fb1b6028f3,PR,colombo,22322.6,83,268.95,4.55,74,38.72,Beginner
30a2f535bb48308f991d0b9ad4a8c4bb,SP,santa barbara d'oeste,4781.2,88,54.33,4.26,71,30.11,Beginner
0509040ea3fe50071181bbc359eb7738,MG,belo horizonte,3689.35,96,38.43,4.49,83,31.3,Beginner
63b464dbf392c7b80d12d932fa7cafed,SP,sao paulo,6622.0,38,174.26,3.76,26,26.35,Beginner
1bb2bdb95f4841f1bba2c0d2cd83d3c9,SP,sao paulo,4930.73,84,58.7,4.58,76,31.97,Beginner
343e716476e3748b069f980efbaa294e,SP,campinas,922.6,24,38.44,4.0,17,25.09,Beginner
8cf21434553b02cbd37c0bbd07e041b0,SC,sao jose,49.99,1,49.99,4.0,1,24.05,Beginner
c35672b10ad50968f567ea3f4b91e877,RJ,mesquita,1150.57,22,52.3,4.45,19,27.82,Beginner
fb89df7f89fd1b8f03fa2acca1ba7364,PR,foz do iguacu,2220.0,25,88.8,3.84,16,24.68,Beginner
b7cc6c5e001441ae8cdd5c69a480cbe4,SC,curitibanos,452.8,5,90.56,4.6,5,27.93,Beginner
7a241947449cc45dbfda4f9d0798d9d0,MG,jacutinga,7434.66,66,112.65,3.78,44,27.63,Beginner
08d2d642cf72b622b14dde1d2f5eb2f5,SP,marilia,939.0,21,44.71,4.43,17,27.59,Beginner
2b5ed0c9139dae8883a200dfcb272ece,SP,sao paulo,85.41,4,21.35,4.25,3,25.65,Beginner
f9903dd0f812c7e771fcad47b6fff231,SC,blumenau,1684.85,15,112.32,2.93,6,18.7,Beginner
f84fa566034f5e8e880a07ec624c56af,SP,indaiatuba,5053.81,101,50.04,4.31,85,30.91,Beginner
b2ac621f0d0322434d04a12b078b9369,PR,curitiba,9575.5,30,319.18,4.4,26,31.13,Beginner
efb628aa07c8ca93d7db0d85b91a4f5a,RJ,nova iguacu,204.0,1,204.0,4.0,1,24.11,Beginner
25cf099de44674fde97473224f9d59ab,SP,cotia,1654.36,50,33.09,4.33,40,28.14,Beginner
b4a476fbd28de64b1e347abf9089366a,SP,itapevi,4479.04,35,127.97,4.0,24,26.84,Beginner
4e0d109ccfba9a1151c103049880c857,RJ,sao joao de meriti,279.89,2,139.95,3.0,1,18.17,Beginner
822bad9bc42b51213ba522fe87b7ab5d,SC,balneario camboriu,5160.0,18,286.67,4.11,13,27.26,Beginner
1fdc574883ef3b33ad41562d93f3a74a,SP,limeira,4251.0,18,236.17,4.44,16,28.88,Beginner
28fb0829fd777877cdc350d25cb5bd5b,SP,sao jose do rio pret,279.8,2,139.9,5.0,2,30.17,Beginner
cb162c8eef257253782d245c08d9097c,SP,barueri,34.99,1,34.99,5.0,1,30.04,Beginner
d1582f4043306e6b91afa6a8a884f898,SP,sao paulo,990.0,9,110.0,4.11,7,25.33,Beginner
2235cf78d3e2073a88146a9cb60f0dd0,SP,sao paulo,178.99,1,178.99,5.0,1,30.1,Beginner
9d4db00d65d7760644ac0c14edb5fd86,SP,sorocaba,9845.71,99,99.45,4.54,90,34.15,Beginner
218f991754f360af9c2daa5e0b8e990c,SP,sao paulo,3554.32,17,209.08,3.53,12,23.11,Beginner
31da954dc0855f2495c6310f70a2f931,SP,araras,4583.0,30,152.77,4.23,24,28.11,Beginner
49e7217cfe4e427191c378ec626d8737,MG,formiga,2868.8,13,220.68,4.15,10,26.44,Beginner
70f84699be677ec988d1fa824aef7d90,MG,sete lagoas,1588.3,5,317.66,4.6,4,28.39,Beginner
e84ad2127668df3aafc6b73531a0beb8,SP,sao paulo,987.0,23,42.91,4.39,20,27.42,Beginner
8bdd8e3fd58bafa48af76b2c5fd71974,SP,sao paulo,2135.83,10,213.58,4.9,10,30.55,Beginner
c13ef0cfbe42f190780f621ce81f2234,SP,sao paulo sp,390.0,1,390.0,3.0,0,18.19,Beginner
0e982cff76cc0579f632cea8a0e38c9d,SC,itajai,971.9,7,138.84,4.14,4,25.44,Beginner
3da38366e7bd9baf6369071f782ecdf0,CE,fortaleza,59.47,1,59.47,1.0,0,6.05,Beginner
91f0eec23d4a61d7d7caeefa3f0ad1ca,SC,tubarao,2190.8,11,199.16,3.55,8,22.51,Beginner
9bade61a92bed55a25d2b67b9f4ed739,PR,sao jose dos pinhais,117.68,3,39.23,2.33,1,14.12,Beginner
bc07d855eac23aab5ac8a120f21d16b2,SP,mogi das cruzes,1202.62,12,100.22,4.42,11,27.36,Beginner
72146da5774cabf2632faedcae097a76,PR,marechal candido rondon,200.94,6,33.49,4.33,5,26.24,Beginner
d6b664fa0667064c6d76394e7848d790,SP,araraquara,6080.0,6,1013.33,4.83,6,31.59,Beginner
5f7300535881cef3b625fd683cf7d145,RS,canoas,665.98,11,60.54,4.45,9,27.3,Beginner
8d46553a36e68f95350a200c12f8f2e2,SP,campinas,660.0,11,60.0,4.09,8,25.13,Beginner
1430239a858e7682bbc43b20758af153,SP,sao paulo,633.99,22,28.82,4.0,14,24.91,Beginner
c3867b4666c7d76867627c2f7fb22e21,SP,guara,34788.9,243,143.16,4.02,178,45.33,Intermediate
f45122a9ab94eb4f3f8953578bc0c560,SP,piracicaba,21764.68,197,110.48,3.92,140,38.14,Beginner
0d85bbda9889ce1f7e63778d24f346eb,MG,uberlandia,4845.2,58,83.54,4.21,44,28.94,Beginner
edb1ef5e36e0c8cd84eb3c9b003e486d,RJ,teresopolis,79144.9,174,454.86,4.45,153,63.58,Advanced
f266295f49a28eee21f413e0cbb0521d,PR,ponta grossa,149.8,2,74.9,4.5,2,27.12,Beginner
602044f2c16190c2c6e45eb35c2e21cb,SP,ibitinga,3739.14,58,64.47,3.0,26,21.24,Beginner
c9c7905cffc4ef9ff9f113554423e671,SP,itapecerica da serra,10712.18,140,76.52,4.16,114,33.44,Beginner
f08a5b9dd6767129688d001acafc21e5,RS,porto alegre,14069.63,18,781.65,3.44,10,26.81,Beginner
33ac3e28642ab8bda860a2f693000e78,SP,cotia,3661.03,35,104.6,4.23,28,27.89,Beginner
d57e18d5f73c7ccb7f7339b61166898d,SP,sao paulo,3187.7,63,50.6,4.44,55,29.81,Beginner
df56d7b40d437f88407c5f78b63bc328,PR,cascavel,2791.28,25,111.65,3.88,18,25.15,Beginner
c24173065483e421f9e5e7f599de101d,SP,sao paulo,373.91,9,41.55,3.56,7,21.78,Beginner
dc317f341ab0e22f39acbd9dbf9b4a1f,RS,cachoeirinha,18988.4,58,327.39,4.12,47,34.06,Beginner
9dd59e43f0c9f0553244e8f9c2fb247e,PR,foz do iguacu,356.3,10,35.63,4.8,9,29.24,Beginner
f4a04f7be452aa3bb31760bf00055dd0,SP,santo andre,1312.1,18,72.89,4.67,16,29.08,Beginner
1bb3812d5f0747a3ab7348f199001a10,SP,sao paulo,834.4,9,92.71,4.89,9,29.94,Beginner
3dfd3dc96f7f8598eca74e9ac8a2fa31,SP,sao paulo,183.0,6,30.5,4.0,4,24.25,Beginner
f7720c4fa8e3aba4546301ab80ea1f1b,PR,curitiba,2075.45,78,26.61,4.23,68,28.55,Beginner
af4a0e4cfe1d9c26b6712b1be25a72e5,MG,mateus leme,8757.98,26,336.85,3.5,15,25.28,Beginner
daeb5653dd96c1b11860f72209795012,MG,belo horizonte,1908.9,41,46.56,4.22,35,27.31,Beginner
aba1721a889e04decc910aa13b768ef4,SP,sao paulo,14103.3,92,153.3,4.46,79,35.16,Beginner
41c2bad7229b0c25e6becf179ebf63ff,RN,natal,782.0,23,34.0,4.96,23,30.76,Beginner
3361277dc30b7cccdb0c286b24219756,PR,maringa,3905.05,42,92.98,4.21,33,28.08,Beginner
67bf6941ba2f1fa1d02c375766bc3e53,PR,curitiba,5062.0,20,253.1,4.3,14,28.42,Beginner
e6a69c4a27dfdd98ffe5aa757ad744bc,SP,sao paulo,508.51,23,22.11,4.3,21,26.69,Beginner
582d4f8675b945722eda7c0cb61ba4c7,SP,bertioga,4702.96,71,66.24,4.11,53,28.67,Beginner
d9e8c084b68fe958861d8f2c21202e6b,SP,sao paulo,3050.0,12,254.17,4.17,10,26.6,Beginner
b6e1504972665f739dec4facb9943775,SP,piracicaba,1484.48,14,106.03,4.36,11,27.17,Beginner
c747d5b92c7648417faea95d36d763e8,CE,pacatuba,139.0,1,139.0,5.0,1,30.09,Beginner
0dd184061fb0eaa7ca37932c68ab91c5,SP,guarulhos,18446.92,193,95.58,3.95,143,36.87,Beginner
6562efe88ce0826a4ca4f189f03b4b84,PR,maringa,1195.8,22,54.35,4.05,17,25.44,Beginner
30829ded4523ab9224b93bc49a62c95f,RS,parai,6911.71,31,222.96,3.58,20,25.17,Beginner
c26ba52cf8d2f34915f2f6b7ffa0a3f3,RJ,rio de janeiro,107.47,3,35.82,5.0,3,30.13,Beginner
1f867308a0ce13133a4e639ff4de0c02,PR,curitiba,875.1,13,67.32,4.54,12,27.98,Beginner
973f21788dfab357250f69a8dcb7ddee,MG,claudio,819.0,19,43.11,2.47,4,15.72,Beginner
4bcec44888b30ba9001234c534716d3f,SP,santo andre,146.0,5,29.2,4.6,4,27.81,Beginner
d5ba419e26d246a0719437cf37d9b46d,SP,sao paulo,3911.5,34,115.04,3.91,23,26.04,Beginner
4be6b962d83299498bae2190f95d6566,SP,sao carlos,508.8,12,42.4,4.18,9,25.64,Beginner
226b05fe067266c59c15dae208213d06,PR,curitiba,1056.9,11,96.08,4.18,9,25.83,Beginner
f5f1f2c5f923f36ad79ea1d07185ddc9,SP,taruma,1517.77,11,137.98,3.45,7,21.64,Beginner
14a08204d03bb6b6bde8029f801ae0eb,SP,sao paulo,2185.4,38,57.51,3.82,28,24.93,Beginner
483ca627d131e18f988349b1655c0acd,SP,mogi mirim,264.0,1,264.0,5.0,1,30.14,Beginner
32b8764b4ef628b53608fc34011fcc13,SC,lages,8884.0,38,233.79,4.24,29,30.13,Beginner
61c36f0fc4a47f9532e5512b66668e62,SP,guarulhos,750.0,1,750.0,1.0,0,6.33,Beginner
dcf3755cefcdc158ad0b7bdde51e871b,RS,cachoeira do sul,269.7,3,89.9,4.0,1,24.2,Beginner
50770d25768b0486d89be26afca3108f,SP,santo andre,171.77,6,28.63,4.0,5,24.25,Beginner
dc4a0fc896dc34b0d5bfec8438291c80,SP,ibitinga,24455.58,250,97.82,3.79,170,40.02,Intermediate
b92e3c8f9738272ff7c59e111e108d7c,MG,uba,8350.99,71,117.62,4.07,57,29.89,Beginner
81a1104df0f08b59c68aa5b03cfe398e,PR,sao jose dos pinhais,9320.98,72,129.46,4.31,58,31.75,Beginner
7202e2ba20579a9bd1acb29e61fe71f6,SP,franca,12085.7,53,228.03,3.94,38,30.06,Beginner
efcd8d2104f1a05d028af7bad20d974b,SP,aracatuba,2504.78,53,47.26,4.21,45,27.85,Beginner
e8f6dc8e6a1dcde89d20e3995c8d90b3,SP,sao paulo,2148.74,44,48.83,3.57,26,23.6,Beginner
7142540dd4c91e2237acb7e911c4eba2,SP,penapolis,37356.74,330,113.2,4.06,255,49.2,Intermediate
1e8b33f18b4f7598d87f5cbee2282cc2,SP,sao paulo,17233.56,139,123.98,4.31,116,36.92,Beginner
dfc5fb7259bb2b599ca565e6e9448f0f,SP,sao bernardo do campo,6124.63,34,180.14,4.12,27,28.19,Beginner
2156f2671501a81034d7d07f217609d0,SP,sp,2909.5,21,138.55,4.0,16,25.79,Beginner
02ecc2a19303f05e59ce133fd923fff7,SP,santo andre,5264.19,24,219.34,4.54,20,30.07,Beginner
b1fc4f64df5a0e8b6913ab38803c57a9,RJ,sao goncalo,7994.74,121,66.07,3.78,77,29.51,Beginner
1d0997ff06b524ce9289ffd75114ecd3,PE,recife,3747.0,3,1249.0,3.67,2,23.61,Beginner
be1e9e378700cecaa4ebf71433d7915c,SP,ribeirao preto,119.89,2,59.95,3.0,1,18.11,Beginner
0c7533c71df861ec58ad7ff999ed0e8d,SP,valinhos,3043.2,74,41.12,4.04,58,27.68,Beginner
38f276ca6e7cc95a6d1bb55ac9e5550f,SP,marilia,24.99,1,24.99,5.0,1,30.04,Beginner
60562ab00b8054280520d390c8c0045c,SP,sao paulo,2943.0,17,173.12,4.76,17,30.25,Beginner
3db66a856d18a9cba7c9241fc5221c50,MG,ponte nova,9618.1,99,97.15,4.17,80,31.84,Beginner
2addf05f476d0637864454e93ba673d5,DF,brasilia,4552.0,12,379.33,5.0,12,32.18,Beginner
e63e8bfa530fb16910dd6956e592bb81,SP,guarulhos,1312.7,43,30.53,4.35,37,27.92,Beginner
1dd33b8119b3cb1056ed5dc88cd0aaf4,SP,sao paulo,1513.0,8,189.13,3.75,6,23.35,Beginner
4e42581f08e8cfc7c090f930bac4552a,SP,portoferreira,98.0,2,49.0,1.0,0,6.1,Beginner
d12c926d74ceff0a90a21184466ce161,SP,sao paulo,3923.76,99,39.63,4.11,76,29.2,Beginner
1464afc72f696af775557a821c2e253f,RJ,nova friburgo,1059.36,30,35.31,4.17,23,26.34,Beginner
883dd81e82754ac2c65e9790a7db8c9a,PR,curitiba,319.5,5,63.9,4.4,4,26.68,Beginner
8b87cd0d43d49b9bdf40f56229364d59,SP,sao paulo,729.0,2,364.5,5.0,2,30.35,Beginner
99eaacc9e6046db1c82b163c5f84869f,SP,franca,12642.28,67,188.69,4.01,54,31.13,Beginner
9646c3513289980f17226a2fc4720dbd,SP,sao jose dos campos,2964.4,76,39.01,4.34,64,29.51,Beginner
59de1d4c8c057c2a53acd4ca66531af2,PR,curitiba,135.0,1,135.0,5.0,1,30.08,Beginner
d03698c2efd04a549382afa6623e27fb,BA,ilheus,8865.47,21,422.17,4.52,20,31.3,Beginner
1c5e4e49b9079480255b49d50aac1aa9,SP,santos,10173.11,12,847.76,4.33,11,30.41,Beginner
8a40ae794fa3f9892cee24bd5af0488b,PR,curitiba,739.85,6,123.31,3.17,3,19.5,Beginner
e7df4cd29ab5abab70fb0783ddb53987,SP,sao paulo,9608.7,24,400.36,4.29,20,30.3,Beginner
7139dc5186aa238b006e066d8fbab2e4,SP,amparo,1712.0,24,71.33,4.09,17,25.94,Beginner
6806dad1da97bfb5a9038eac6881f706,PR,guaratuba,1576.0,15,105.07,3.93,13,24.66,Beginner
7901646fdd36a55f564ffaf2dbccaaf7,RJ,rio de janeiro,11857.08,27,439.15,4.44,24,32.19,Beginner
8a130737016f838139d31878787a39c9,SP,sao paulo,4222.03,62,68.1,4.35,54,29.65,Beginner
a806a4bb063ea7ca6d374eafa50a6058,ES,serra,294.4,6,49.07,3.83,3,23.28,Beginner
d4f117125b59ce73c3302f88ee40c458,SP,sao paulo,783.29,17,46.08,4.82,17,29.74,Beginner
609e1a9a6c2539919b8205cf7c4e6ff0,SC,brusque,6595.23,130,50.73,3.6,79,28.14,Beginner
575df70bde3f9f2b30bf8d2e9910d725,SP,sao jose do rio preto,5410.05,34,159.12,4.12,27,27.9,Beginner
bf84056e679dbe9c69929847a40e338f,SP,sao paulo,1918.08,38,50.48,3.76,24,24.47,Beginner
32f1bb9dfa65bc7df5c0d9d95a616be4,SP,sao paulo,246.49,5,49.3,3.4,3,20.65,Beginner
0b0ddbc7b9d9584f442c7ac92b0ff6c9,SP,guarulhos,1416.76,3,472.25,4.67,3,28.68,Beginner
8c0de775f52fe41590b376a3b7c50f68,SP,sumare,594.8,8,74.35,4.25,6,25.98,Beginner
d558ebe531605a1285ab2b1bc3256dfb,MG,divinopolis,709.0,3,236.33,4.67,3,28.39,Beginner
bd4889b5e9133b35b66e42a8665cea5c,SP,sao paulo,6271.9,42,149.33,4.46,35,30.53,Beginner
1835b56ce799e6a4dc4eddc053f04066,SP,ibitinga,33211.72,553,60.06,3.62,348,51.59,Intermediate
7299e27ed73d2ad986de7f7c77d919fa,MG,araguari,34107.44,358,95.27,4.43,308,50.96,Intermediate
a36b125ac6d5fdbc7f50de85c9157bdc,SP,ribeirao preto,1793.65,25,71.75,4.04,19,25.71,Beginner
8b321bb669392f5163d04c59e235e066,SP,sao paulo,17262.94,1005,17.18,4.02,758,61.18,Advanced
f8db351d8c4c4c22c6835c19a46f01b0,SP,salto,50183.4,716,70.09,4.25,585,67.05,Advanced
1b938a7ec6ac5061a66a3766e0e75f90,SP,penapolis,3859.8,31,124.51,4.45,29,29.17,Beginner
53243585a1d6dc2643021fd1853d8905,BA,lauro de freitas,217940.44,400,544.85,4.13,319,123.96,Elite
809413606dbfe5deefd2db646693ef67,SP,sao paulo,196.68,5,39.34,4.2,5,25.43,Beginner
520b493b57809f446cb0a233bb3e25c7,SP,santos,3713.9,74,50.19,4.38,63,29.99,Beginner
325f3178fb58e2a9778334621eecdbf9,SP,taboao da serra,981.7,46,21.34,4.46,40,28.53,Beginner
aae3bfea055532c57fb453ed3ec80b30,SP,santo andre,3057.92,50,61.16,3.55,30,24.02,Beginner
66dc1b1632bd6a3e508510c5b3492107,SP,jau,3542.19,41,86.39,3.49,26,23.59,Beginner
f664f98bfda2eaf266a23ff144e7a872,SP,sao paulo,153.99,2,77.0,3.0,1,18.12,Beginner
6d22a1fcebb6dd08c9cd90b92a93e8d0,SC,joinville,723.7,13,55.67,4.31,10,26.54,Beginner
670a9dda115b5a88b18cfadee8de2332,SP,ribeirao preto,918.9,11,83.54,4.45,10,27.4,Beginner
b55638ad525e906c698fa2ce742c1742,SC,imbituba,1094.8,12,91.23,4.17,10,25.82,Beginner
dbbcfe2c8d026742134ac3e28ccde274,PR,curitiba,478.49,5,95.7,4.2,4,25.54,Beginner
213b25e6f54661939f11710a6fddb871,SP,salto,15225.8,191,79.72,3.83,131,34.8,Beginner
17f51e7198701186712e53a39c564617,SP,sao paulo,48019.0,61,787.2,4.34,50,47.08,Intermediate
f25e239052084705e17a982bc600ab2a,SP,sao paulo,7380.0,8,922.5,4.25,7,28.69,Beginner
cb41bfbcbda0aea354a834ab222f9a59,SP,sao paulo,3792.0,11,344.73,3.27,7,21.47,Beginner
681fce914360217db47784ae28905a96,PR,araucaria,4127.33,24,171.97,3.87,16,25.59,Beginner
b1ac6ea7895bc3dd6f0f6f4abbdd2821,RS,canoas,2962.0,38,77.95,4.53,34,29.5,Beginner
d1b9d4be4b6f9ebd85f8acd6745ba612,MG,nova lima,1154.35,11,104.94,4.18,8,25.87,Beginner
9c0e69c7bf2619675bbadf47b43f655a,SP,sao jose dos campos,33491.19,204,164.17,4.06,155,43.88,Intermediate
06a2c3af7b3aee5d69171b0e14f0ee87,MA,sao luis,36220.97,403,89.88,4.03,301,50.76,Intermediate
55bb6fe5bebe5012e2d7d9928e1128ff,SP,bauru,1816.55,16,113.53,3.56,10,22.57,Beginner
4c498c7345e89aebad651544829beca0,SP,carapicuiba,4570.27,47,97.24,4.28,38,28.92,Beginner
0bb738e4d789e63e2267697c42d35a2d,SP,sao roque,2308.4,30,76.95,4.63,30,29.6,Beginner
b3b17aab11f273023a5f22ca52e1eb70,PR,londrina,6850.0,13,526.92,4.85,13,32.23,Beginner
21e83881401b92b49fb09a16d3852291,MG,uberlandia,3109.06,13,239.16,4.77,13,30.25,Beginner
b86a47b3366e3b5424a7b225781f4908,MG,passos,86.5,1,86.5,3.0,0,18.06,Beginner
c716e0b86ed568878475b60fbb6323ad,SP,rio de janeiro,35.0,1,35.0,5.0,1,30.04,Beginner
850913d59ce317156b00f3705f1c3edb,SP,atibaia,2183.0,30,72.77,3.5,17,22.77,Beginner
c7b7db6c8f3c64a7cc1afa634db21d50,SP,sao paulo,1489.0,1,1489.0,1.0,0,6.63,Beginner
6f83d9e4da896daae20b9b6b2d3ff8d2,PR,pinhalao,765.19,11,69.56,4.36,9,26.8,Beginner
cda598c48d7c614bc1cad7d8ff6f0010,SP,mirassol,1118.6,18,62.14,3.94,11,24.63,Beginner
48b6c3f4c6a93171da04b75313f2130f,SP,osvaldo cruz,290.26,2,145.13,5.0,2,30.18,Beginner
8e4f041ff58e7845456d3482524014b3,RS,porto alegre,133.8,2,66.9,3.0,1,18.11,Beginner
aa1eb17b9fdf6dfd546e25c45c7b9235,SP,sao paulo,117.99,4,29.5,4.5,4,27.17,Beginner
9ed65337433adfbedefd23dd76eaa494,SP,sao paulo,1262.6,6,210.43,4.83,6,29.67,Beginner
4c8545742faaf58fafd5fd14d25d75cf,SP,fernandopolis,3020.0,4,755.0,4.5,3,28.33,Beginner
82e0a475a88cc9595229d8029273f045,SP,sao paulo,11346.62,84,135.08,3.35,51,27.16,Beginner
8581055ce74af1daba164fdbd55a40de,SP,guarulhos,64919.67,433,149.93,4.27,355,64.58,Advanced
01c97ebb5cdac52891c0ed1c37ba0012,SP,catanduva,577.5,12,48.12,4.08,9,25.07,Beginner
c8b0e2b0a7095e5d8219575d5e7e1181,SP,itaquaquecetuba,12170.21,85,143.18,4.05,64,31.72,Beginner
900ba814c251a692506d7834c1218441,SP,salto,28833.03,86,335.27,4.23,68,39.49,Beginner
f1fd5ab1181f827ffad998c1a5de7d74,PR,curitiba,7045.99,15,469.73,4.67,15,31.29,Beginner
2e90cb1677d35cfe24eef47d441b7c87,SP,sao paulo,13894.71,137,101.42,4.04,102,33.91,Beginner
f3b80352b986ab4d1057a4b724be19d0,DF,brasilia,9815.1,91,107.86,4.16,73,31.62,Beginner
87142160b41353c4e5fca2360caf6f92,RS,porto alegre,31410.98,342,91.84,4.37,291,49.04,Intermediate
f680f85bee2d253556ac91be391d2c82,SP,carapicuiba,5183.92,54,96.0,4.3,45,29.49,Beginner
f00e21b1e91a79653163b7fd8f293ff1,SP,andradas,3900.09,31,125.81,4.1,22,27.09,Beginner
f7496d659ca9fdaf323c0aae84176632,SP,sao paulo,4837.67,26,186.06,4.58,23,30.2,Beginner
14d7985702e72162bbf13b6beb74ab2b,SP,santo andre,3887.0,38,102.29,4.34,31,28.73,Beginner
1127b7f2594683f2510f1c2c834a486b,SP,campinas,6703.7,129,51.97,4.19,103,31.69,Beginner
abcd2cb37d46c2c8fb1bf071c859fc5b,MT,cuiaba,4817.32,51,94.46,4.31,39,29.32,Beginner
c26a2be5b53b7db6b276280da212a779,RJ,nova friburgo,7482.0,18,415.67,2.72,8,19.85,Beginner
39c763cca83e654764b7a4a650fb9b7c,GO,goiania,761.0,11,69.18,3.82,8,23.55,Beginner
0bae85eb84b9fb3bd773911e89288d54,SP,itajai,7433.56,145,51.27,4.23,114,32.7,Beginner
977f9f63dd360c2a32ece2f93ad6d306,SP,tabatinga,2730.07,24,113.75,3.92,16,25.33,Beginner
2d50d6282f8aa2257819a77bfaa0efe0,SP,ibitinga,3008.48,43,69.96,3.74,29,24.93,Beginner
4e17c65a516f69d023a2ae78b84f28d6,SP,suzano,7639.26,74,103.23,4.08,55,29.76,Beginner
0ef83d7d83ed97cd2a0049ac8be5f88a,PR,curitiba,4699.01,56,83.91,4.25,45,29.06,Beginner
eeb6de78f79159600292e314a77cbd18,SC,lages,43510.84,83,524.23,4.42,72,46.41,Intermediate
e5475dcab1e07b63d7f6e902d8f5eda8,SP,diadema,2192.0,19,115.37,4.11,13,26.11,Beginner
8ff1a9df749e454105c55cda13e79143,SP,marilia,1400.6,14,100.04,3.73,7,23.36,Beginner
b9a03475e6447e631b6799ec8274800f,PR,formosa do oeste,1349.1,11,122.65,4.27,9,26.49,Beginner
6a51fc556dab5f766ced6fbc860bc613,SP,marilia,7217.87,31,232.83,4.13,26,28.6,Beginner
238fac594e170b59c6d228f5a4f4f1d9,SP,dois corregos,3126.0,30,104.2,3.97,20,25.97,Beginner
6187a137b2af59dfdbad8d9f8c373c14,SP,osasco,74.8,2,37.4,3.0,1,18.09,Beginner
6e864f5c4669eff3d98140a07cc50202,SP,sao paulo,740.59,13,56.97,4.46,12,27.45,Beginner
12c2ed9cded6138cf0c75f525f565fc7,SP,praia grande,314.96,4,78.74,4.25,3,25.75,Beginner
d50d79cb34e38265a8649c383dcffd48,SP,sao paulo,13012.42,70,185.89,4.25,58,32.8,Beginner
3b872fd4747f01cc56206f2934198618,SP,ibitinga,2726.74,27,100.99,3.89,18,25.24,Beginner
26bad72add1f86e08a776ce4ffdaf1ca,SP,pedregulho,622.0,7,88.86,4.43,6,27.04,Beginner
d93844a9c55ba7ce353388bcf849ea56,PR,curitiba,2708.5,14,193.46,4.21,10,26.76,Beginner
cac63f48c38cd7d002a7e846dcd99a23,SP,sumare,963.9,11,87.63,4.82,11,29.64,Beginner
167fd940acebc789debd6eb418c46e38,SP,franca,1077.58,5,215.52,3.0,2,18.58,Beginner
1fe61aa5494bd3ae92a2c13e067c810f,SC,santa cecilia,537.76,2,268.88,4.0,2,24.28,Beginner
091065b789659bc3cd9af9cb3a6253ff,RS,canoas,1359.0,2,679.5,3.5,1,21.6,Beginner
8e34331b7eedd03be4e5d965c1956225,SP,sao paulo,145.0,5,29.0,4.8,5,29.01,Beginner
7ad32824caee82087b3e2e5f33b1bf32,SP,ibitinga,22018.1,180,122.32,3.79,114,36.95,Beginner
4deebb3199eeafb282ae33229144f94b,SP,sao paulo,779.7,5,155.94,3.4,3,20.86,Beginner
2199e7fe213c16213bf5d6a7eadc9a5d,SP,registro,3767.29,30,125.58,4.4,24,28.81,Beginner
ac51cac5e20d69ff485a54746488ef48,SP,ribeirao preto,700.0,3,233.33,3.67,2,22.39,Beginner
ff69aa92bb6b1bf9b8b7a51c2ed9cf8b,SP,sao paulo,21940.8,20,1097.04,3.65,13,31.28,Beginner
2f4b0d3b9634b647d4edee577d7ebb7e,SP,sao paulo,337.9,11,30.72,4.91,11,29.93,Beginner
8b8cfc8305aa441e4239358c9f6f2485,PR,londrina,11892.0,15,792.8,4.2,11,30.41,Beginner
b080809eaacb49e5ca07290981472431,MG,belo horizonte,424.0,11,38.55,4.82,11,29.42,Beginner
1771297ac436903d1dd6b0e9279aa505,SP,guarulhos,2881.27,36,80.04,4.63,32,30.01,Beginner
6b3bd31ad8fcda4b2635ec9f3ff2ecdf,RJ,rio de janeiro,4063.9,42,96.76,3.93,32,26.47,Beginner
6e386f64c84e482f0b9abf960797ee1b,SP,sao paulo,12209.3,29,421.01,4.61,26,33.41,Beginner
a414555ce331b8c8aea4a9cb8395194d,SP,sao paulo,1450.95,8,181.37,3.57,4,22.24,Beginner
6aa3928696eab49a19a466e665a649fd,RJ,nova iguacu,2075.0,22,94.32,4.55,19,28.79,Beginner
ffad1e7127fb622cb64a900751590acd,SP,americana,884.3,15,58.95,4.87,15,30.02,Beginner
1ca7077d890b907f89be8c954a02686a,SP,santana de parnaiba,12474.64,127,98.23,2.27,35,22.42,Beginner
fc6295add6f51a0936407ead70c1001d,SP,sao paulo,160.0,4,40.0,1.0,0,6.18,Beginner
e5a3438891c0bfdb9394643f95273d8e,SP,limeira,7597.56,249,30.51,3.87,173,33.73,Beginner
f214d28e8d8e3ef068748498ccc2f813,SP,sao paulo,2152.43,57,37.76,4.13,45,27.35,Beginner
7e93a43ef30c4f03f38b393420bc753a,SP,barueri,165981.49,322,515.47,4.36,271,102.21,Elite
5160d23075764e18e07c1f4a87fad743,SP,sao bernardo do campo,2359.0,38,62.08,4.45,33,28.78,Beginner
4b9750c8ad28220fe6702d4ecb7c898f,SP,limeira,15815.4,221,71.56,4.35,185,39.06,Beginner
ad781527c93d00d89a11eecd9dcad7c1,SP,sao jose do rio preto,6039.63,38,158.94,3.34,23,23.6,Beginner
17a053fcb14bd219540cbde0df490be0,SP,mogi guacu,40753.14,149,273.51,4.23,120,46.15,Intermediate
615005a3ef192c00c6f0e977cee3d2bc,SP,itu,286.5,11,26.05,3.91,8,23.9,Beginner
8e6cc767478edae941d9bd9eb778d77a,MG,araguari,5957.31,110,54.16,4.03,77,29.86,Beginner
8cbac7e12637ed9cffa18c7875207478,SC,jaragua do sul,2955.98,81,36.49,4.19,59,28.75,Beginner
aaed1309374718fdd995ee4c58c9dfcd,SC,timbo,9345.45,111,84.19,4.05,86,31.37,Beginner
729b2d09b2a0bdab221076327f13d050,SP,mineiros do tiete,1805.21,60,30.09,4.58,54,30.0,Beginner
b32be1695eb7ec5f10f72d9610a12527,RS,caxias do sul,26575.0,45,590.56,4.16,36,36.94,Beginner
49067458c68f7701fd334ce326accbe0,MG,juiz de fora,1077.1,38,28.34,3.37,23,21.79,Beginner
04e38a233f726ef161074ab1c9b0399a,SP,sao paulo,991.6,24,41.32,4.17,20,26.14,Beginner
3ca08eeb8d5595949fed424bd3677742,PR,curitiba,1688.88,13,129.91,4.69,12,29.21,Beginner
c68fb906c8f4b4b946d8386bfa6e5467,SP,jaboticabal,4541.16,48,94.61,4.51,42,30.32,Beginner
3df020b72d3d44b3af9d110fa3940b65,SP,jales,5039.9,101,49.9,3.95,76,28.75,Beginner
bfd27a966d91cfaafdb25d076585f0da,SP,serra negra,19225.0,115,167.17,4.32,97,37.06,Beginner
44f091b5abab8018f682fce8124b85e5,SP,sao paulo,354.4,3,118.13,3.67,2,22.25,Beginner
d5c530f4884a75ae0dba9c148718d278,MG,centro,252.93,8,31.62,2.88,4,17.62,Beginner
e49c26c3edfa46d227d5121a6b6e4d37,PE,brejao,3624.35,35,103.55,4.51,30,29.56,Beginner
37dd29b36c458d82f74a953c40c43645,SP,limeira,4536.99,8,567.12,4.0,6,26.05,Beginner
070d165398b553f3b4b851c216b8a358,SP,sao paulo,3333.17,38,87.72,3.54,23,23.71,Beginner
e81e1f9c3e762e620f3fb60a51499e16,SC,curitibanos,4465.99,18,248.11,3.82,11,25.25,Beginner
08061dc0fc165ed41288cc7acde738ee,SP,osasco,123.8,4,30.95,4.5,3,27.17,Beginner
0ff83046c3fa22efee8ecf291888b191,RS,caxias do sul,768.9,11,69.9,4.82,11,29.56,Beginner
f92d8c817434bd2d84d4e9c61322b7fa,SP,sorocaba,174.84,5,34.97,4.6,4,27.82,Beginner
f457c46070d02cadd8a68551231220dd,PR,maringa,19471.7,238,81.81,3.82,166,37.85,Beginner
f114dca2828bf718548db175ebe2cfcd,PR,cambe,139.0,1,139.0,1.0,0,6.09,Beginner
5a32c398a06c345440bf2a683b017ad3,RJ,rio de janeiro,34.9,1,34.9,5.0,1,30.04,Beginner
fcdd820084f17e9982427971e4e9d47f,SP,ribeirao preto,4783.99,27,177.18,3.26,13,22.28,Beginner
8629c241b3622ac12cd4118afdc8d394,SP,ribeirao preto,1167.66,13,89.82,4.08,11,25.34,Beginner
00d8b143d12632bad99c0ad66ad52825,MG,belo horizonte,86.0,1,86.0,5.0,1,30.06,Beginner
e64ddbe1cbcf4f2fc3092b7c481f3f9d,SP,sao paulo,20.9,1,20.9,5.0,1,30.04,Beginner
461ff5303b6c9c1a4a07f40c5aece516,PR,pinhais,102.7,3,34.23,3.67,2,22.15,Beginner
8ae520247981aa06bc94abddf5f46d34,SC,navegantes,16320.99,65,251.09,4.45,58,35.18,Beginner
1c68394e931a64f90ea236c5ea590300,PR,sarandi,26133.56,178,146.82,3.94,135,39.43,Beginner
b33e7c55446eabf8fe1a42d037ac7d6d,SP,pradopolis,44215.17,152,290.89,4.19,122,47.39,Intermediate
218d46b86c1881d022bce9c68a7d4b15,SP,ribeirao preto,53950.3,421,128.15,4.17,337,59.23,Intermediate
6fd52c528dcb38be2eea044946b811f8,SP,sao paulo,7743.02,84,92.18,3.5,52,26.62,Beginner
e9d99831abad74458942f21e16f33f92,SP,sao paulo,4922.48,149,33.04,3.91,108,29.9,Beginner
ccc4bbb5f32a6ab2b7066a4130f114e3,PR,curitiba,72926.72,189,385.86,4.32,159,60.76,Advanced
e0878efa0e0b7e5313ac0b43bc04c081,PR,curitiba,5285.3,29,182.25,3.55,19,24.28,Beginner
6bd69102ab48df500790a8cecfc285c2,SP,sao paulo,8070.0,5,1614.0,3.0,2,21.38,Beginner
83e197e95a1bbabc8c75e883ed016c47,RJ,mage,6574.19,54,121.74,4.74,51,32.69,Beginner
78a4d36f65a019172c6154468831a69f,SP,bauru,1545.5,7,220.79,4.29,6,26.57,Beginner
02d35243ea2e497335cd0f076b45675d,RN,natal,5794.0,16,362.13,2.69,5,18.94,Beginner
06579cb253ecd5a3a12a9e6eb6bf8f47,SP,sao paulo - sp,4587.4,70,65.53,3.84,51,26.97,Beginner
c8467937e403e76a8ee9f0ab13f6f5ef,MG,pocos de caldas,1853.79,33,56.18,4.13,25,26.51,Beginner
538caafddff204241cecbf3a02e6b3cf,SP,sao paulo,128.4,8,16.05,2.75,3,16.79,Beginner
c847e075301870dd144a116762eaff9a,MG,uberaba,15248.8,42,363.07,4.2,34,32.56,Beginner
1f9ab4708f3056ede07124aad39a2554,SP,tupa,13312.93,77,172.9,4.11,58,32.3,Beginner
bb135baca94c82fcb731335ad5b04a03,SP,sao paulo,1049.8,38,27.63,2.66,15,17.52,Beginner
ad273c9eb54ecb4532de4bf75bae9e4e,PR,curitiba,645.0,11,58.64,3.82,7,23.51,Beginner
113e3a788b935f48aad63e1c41dac1bd,SP,aparecida,847.35,48,17.65,4.4,40,28.18,Beginner
1099a00e0ee3a50935e6c2447ca090c5,RJ,rio de janeiro,849.7,3,283.23,3.67,2,22.45,Beginner
b76dba6c951ab00dc4edf0a1aa88037e,SP,sao paulo,2545.31,167,15.24,4.19,135,31.17,Beginner
4170f6a9367e6b5d6401d03ce6d54569,DF,brasilia df,568.78,5,113.76,4.2,4,25.58,Beginner
6861de0f40cacb0602e473c51639f980,PR,curitiba,674.0,8,84.25,2.63,3,16.29,Beginner
4736e9d642ef4257cd7622516931eb51,SP,piracicaba,1108.86,21,52.8,4.19,16,26.21,Beginner
5c6d4016c2a288f074fa0848a2b653d2,SP,sao paulo,3100.0,34,91.18,4.21,28,27.52,Beginner
c37b2059d4f90d4feead554e5246565e,SP,sao paulo,839.3,16,52.46,3.75,11,23.32,Beginner
1838dd9b8977065acf51d95e0053ea7a,MG,belo horizonte,2750.5,65,42.32,4.34,54,29.09,Beginner
2c4c47cb51acd5ea5db5e0ae0e26542a,SP,buritama,2575.9,15,171.73,4.6,15,29.08,Beginner
579891617139df7d8671d373f0669622,RJ,rio de janeiro,280.3,8,35.04,4.5,7,27.35,Beginner
a0415d9b25ede3c4b1e477e9916ffc03,RJ,nova iguacu,3544.2,9,393.8,4.22,7,27.01,Beginner
8e6d7754bc7e0f22c96d255ebda59eba,SP,sao jose dos campos,14346.57,132,108.69,3.03,63,27.88,Beginner
1cbd50a8c52e6cf8e315c5709fab386f,PR,fazenda rio grande,785.97,9,87.33,3.78,5,23.26,Beginner
ea67327e24487bdfac5fbfa37ea124df,SP,ibitinga,6250.18,34,183.83,3.56,21,24.88,Beginner
9df5750209b83567ec144eb299d7d634,RS,sao leopoldo,4917.0,11,447.0,4.0,9,26.3,Beginner
c66dccfb3f109511246da627dd5a2498,SP,registro,12182.55,44,276.88,4.57,39,33.61,Beginner
7586919161935337bf6b6d7ff5779648,RJ,rio de janeiro,1664.71,18,92.48,3.17,10,20.23,Beginner
4da0e408c99d2fdc2126dc9fce518060,PR,cornelio procopio,3344.4,60,55.74,4.5,55,30.14,Beginner
f9244d45189d3a3605499abddeade7d5,SP,sao paulo,15081.44,20,754.07,4.35,17,32.73,Beginner
4aba6a02a788d3ec81c03137144d9a80,SC,canoinhas,89.9,1,89.9,5.0,1,30.07,Beginner
b39d7fe263ef469605dbb32608aee0af,SP,ibitinga,5063.2,48,105.48,3.79,28,26.21,Beginner
fec6275253471ace26d209bbaa64cd0f,RJ,nova friburgo,2840.0,10,284.0,4.6,9,29.04,Beginner
4c60877808f4318ef1107fbeb8f89afa,SP,atibaia,118.0,2,59.0,4.0,1,24.11,Beginner
417a1e6c7321084d2a0ae0d023cfad93,RS,imigrante,48.9,1,48.9,5.0,1,30.05,Beginner
4ef4c39cf3c24f326434cf0b2e48046a,SP,sao paulo,792.0,8,99.0,3.88,6,23.84,Beginner
ba90964cff9b9e0e6f32b23b82465f7b,SP,guarulhos,44212.5,38,1163.49,4.42,32,45.35,Intermediate
7d13fca15225358621be4086e1eb0964,SP,ribeirao preto,112436.18,571,196.91,4.02,430,86.22,Elite
289cdb325fb7e7f891c38608bf9e0962,SP,belo horizonte,13410.55,125,107.28,4.59,115,36.65,Beginner
f1b93673502375d491780bb49d615dbc,SP,sao jose dos campos,2638.93,10,263.89,2.7,4,17.56,Beginner
b18871c324516afa228a13e8f1ef0ae9,SP,sao paulo,1064.6,23,46.29,3.96,16,24.88,Beginner
26e2c91ef821e1ff8985f408788fe35b,SP,ibitinga,1649.4,14,117.81,3.0,5,19.08,Beginner
9add47bf45ce8e8c7db6b9cf670b1e09,PR,fazenda rio grande,4606.44,43,107.13,4.26,35,28.69,Beginner
1dc2de47ee26a0a5b12dc14fd6dc0dea,SP,ibitinga,1670.3,27,61.86,4.52,24,28.6,Beginner
6b1c4d4d9ccf0be3d8544eb0e71e5318,RS,porto alegre,1699.0,1,1699.0,5.0,1,30.71,Beginner
820cc752a266cdc6c1a1e61dd4583330,PR,maringa,2802.8,15,186.85,4.13,12,26.35,Beginner
701938c450705b8ae65fc923b70f35c7,SP,s jose do rio preto,11879.29,111,107.02,3.75,74,30.58,Beginner
7ddcbb64b5bc1ef36ca8c151f6ec77df,SP,sao paulo,54630.65,335,163.08,3.97,240,55.72,Intermediate
cd68562d3f44870c08922d380acae552,SP,ribeirao preto,18119.7,129,140.46,3.91,93,34.58,Beginner
0ea22c1cfbdc755f86b9b54b39c16043,MG,sete lagoas,10826.3,273,39.66,4.35,223,38.62,Beginner
85d9eb9ddc5d00ca9336a2219c97bb13,MG,belo horizonte,15198.94,515,29.51,4.21,415,46.79,Intermediate
116ccb1a1604bc88e4d234a8c23f33de,SP,sao bernardo do campo,2004.89,73,27.46,4.6,65,30.59,Beginner
0691148aee60ca47977c187804f935ae,PR,londrina,5904.41,54,109.34,4.0,41,27.98,Beginner
522620dcb18a6b31cd7bdf73665113a9,PR,cascavel,56690.49,178,318.49,3.91,127,51.48,Intermediate
080199a181c46c657dc5aa235411be3b,SP,osasco,14504.2,83,174.75,4.61,78,35.95,Beginner
bccf933e006e9b94a6184af782963e77,SP,assis,4162.74,46,90.49,4.53,41,30.23,Beginner
2bf6a2c1e71bbd29a4ad64e6d3c3629f,RJ,nova friburgo,50628.9,31,1633.19,4.19,25,46.32,Intermediate
8c16d1f32a54d92897cc437244442e1b,SC,blumenau,5642.6,118,47.82,4.33,95,31.78,Beginner
1d8dbc4f32378d715c717c1c1fc57bae,PR,arapongas,11205.99,97,115.53,3.93,65,30.97,Beginner
6601ee6383e7f452be71929f8de48bbb,SP,ribeirao pretp,153.6,2,76.8,4.0,2,24.12,Beginner
4391ea5c5990502176a1dcda44a2373d,RS,porto alegre,2349.0,5,469.8,4.8,5,29.89,Beginner
1b8356dabde1d35e17cef975c3f82730,SP,sao paulo,3366.4,60,56.11,4.13,45,27.93,Beginner
31ae0774c17fabd06ff707cc5bde005f,SP,americana,6719.85,11,610.9,4.0,8,27.02,Beginner
c8b3445d737de6befde0c88ede534a5e,SP,sao paulo,3149.04,36,87.47,3.97,26,26.16,Beginner
2a5b78b41cd05baeac8df54c6606b92c,MG,formiga,15554.28,56,277.76,4.3,43,33.7,Beginner
7963e546f34e098b578f9ad102494601,SP,sao paulo,60.99,1,60.99,5.0,1,30.05,Beginner
834f3294fba9f932f56edc879193f925,SP,araraquara,39907.5,66,604.66,4.55,60,45.24,Intermediate
058fd0aa2bfdb2274e05e1ae971dabb6,SP,santo andre,7631.9,64,119.25,4.38,53,31.25,Beginner
c04d70d515d15a7e3db3a73320598566,RJ,niteroi,158.2,4,39.55,5.0,4,30.18,Beginner
39d54ff918774174706fb065d7f9dc07,SP,sao paulo,1554.69,24,64.78,3.92,18,24.86,Beginner
b7ed9fb14c8eadb37adb9c45d67ab0fb,SP,jacarei,566.0,11,51.45,2.91,5,18.02,Beginner
42b729f859728f5079499127a9c2ef37,SP,sao paulo,4096.96,131,31.27,4.36,110,31.73,Beginner
9a03a4e9eb0b947652fae4f6121a3f5e,SP,catanduva,1497.0,7,213.86,3.86,5,23.97,Beginner
562fc2f2c2863ab7e79a9e4388a58a14,SP,campinas,8659.25,265,32.68,4.25,215,36.91,Beginner
4049512728d969bec69f84088b012416,MG,belo horizonte,389.84,9,43.32,5.0,9,30.43,Beginner
db6a4d4b5f1f5f98820ce6ce2619e2de,SP,sao paulo,135.99,1,135.99,5.0,1,30.08,Beginner
33cbda8716511e27e556dff9d8418bf2,SC,blumenau,507.4,6,84.57,4.83,6,29.36,Beginner
11938fcc75f6902fea1d0a6f72b54a57,SC,sao miguel d'oeste,594.98,2,297.49,3.0,1,18.3,Beginner
d2e753bb80b7d4faa77483ed00edc8ca,BA,porto seguro,1389.7,16,86.86,3.63,10,22.82,Beginner
02dcd3e8e25bee036e32512bcf175493,MG,contagem,1491.9,17,87.76,3.59,11,22.65,Beginner
e595809a6c31ec4314fd06ef198c244d,SC,navegantes,39.0,1,39.0,5.0,1,30.05,Beginner
dace965ca58120f92f8d742a9fa1864b,SP,sao paulo,1442.0,8,180.25,4.63,7,28.6,Beginner
439a47cc365d6e3bd526812ea9de3c29,SP,mogi das cruzes,1186.5,13,91.27,4.0,11,24.86,Beginner
ab91571efab27993ff2f6b36e38055c3,SP,sao paulo,102.24,4,25.56,4.75,4,28.66,Beginner
8d79c8a04e42d722a75097ce5cbcf2ef,CE,caucaia,2627.82,27,97.33,4.59,25,29.4,Beginner
de23c3b98a88888289c6f5cc1209054a,SP,sao paulo,25933.67,178,145.69,4.31,149,41.57,Intermediate
b4ffb71f0cb1b1c3d63fad021ecf93e1,SP,sao paulo,6759.83,171,39.53,4.04,130,32.07,Beginner
54965bbe3e4f07ae045b90b0b8541f52,PR,foz do iguacu,10351.7,81,127.8,3.07,38,24.99,Beginner
ac3508719a1d8f5b7614b798f70af136,RS,canoas,12446.14,101,123.23,4.64,92,35.85,Beginner
41b39e28db005d9731d9d485a83b4c38,SP,santo andre,16741.05,230,72.79,4.23,185,38.98,Beginner
6c177e38df6d3f34182b1f1d427231bf,PR,curitiba,8112.89,54,150.24,4.15,46,29.77,Beginner
7bac63f6603d382cc8d0832eb6c100a8,SP,sao paulo,7751.95,19,408.0,4.0,15,27.67,Beginner
0432ead42b6c8a0bdf68154add917fdf,SP,maua,7574.4,87,87.06,4.55,79,32.94,Beginner
259f7b5e6e482c230e5bfaa670b6bb8f,SP,poa,8429.13,163,51.71,4.27,133,33.88,Beginner
2aa3443d7bf9d9bb11133f420d75e083,RJ,rio de janeiro,647.0,10,64.7,3.0,5,18.56,Beginner
1d139e3a3b14025640d8df1b230aace0,SP,barrinha,36.49,2,18.25,3.5,1,21.07,Beginner
6a0cbc8af2e8abd1bdfb777943d174c6,SP,batatais,3788.15,34,111.42,4.03,25,26.72,Beginner
fffd5413c0700ac820c7069d66d98c89,SP,amparo,8535.0,58,147.16,3.91,42,28.61,Beginner
1f1bb1f0859883505541bdd6606193e5,SP,sao paulo,16040.84,29,553.13,4.31,23,33.15,Beginner
7dc8c42cc750eeafea6c85712ffee9bf,SP,sao paulo,6409.68,50,128.19,4.26,42,29.62,Beginner
89c127985a8b130cfa45c1d36764017a,SP,osasco,1334.67,6,222.45,3.4,3,21.11,Beginner
cb8bcce248bb1fb274ba762d8b971456,MG,santa rita do sapucai,9152.4,67,136.6,4.34,60,31.71,Beginner
4992e76a42cb3aad7a7047e0d3d7e729,SP,sao paulo,2171.2,73,29.74,3.88,48,26.34,Beginner
5debea795b07621e1f90532e18f96145,PR,apucarana,1883.78,33,57.08,4.27,24,27.36,Beginner
2e1a7d075abe038c1b2743005fe42ff1,SP,sao paulo,1366.8,22,62.13,3.82,16,24.13,Beginner
3d621842b2ed28e2b474132480edac3c,SP,sao paulo,873.93,8,109.24,4.63,8,28.37,Beginner
e99e927c81e3f51739c94fcdfca9f10f,MG,uberlandia,2597.85,24,108.24,3.63,16,23.54,Beginner
dd2bdf855a9172734fbc3744021ae9b9,MG,belo horizonte,10866.9,111,97.9,3.82,69,30.6,Beginner
e09887ca8c7bf8a4621ce481820414ef,SP,sao paulo,79.97,3,26.66,3.67,2,22.14,Beginner
5d378b73ab7dd6f0418d743e5dcb0bd1,SP,sao paulo,11254.0,6,1875.67,3.83,5,27.66,Beginner
9a84ba99f5367fdbd4598363496f1ea2,GO,luziania,2303.28,16,143.96,3.88,11,24.68,Beginner
b12cfd255810394b60caef18ae163547,PR,cascavel,560.0,2,280.0,4.5,2,27.28,Beginner
f5f2ab9bdb6b30c14c61be68c5ed37da,SP,porto ferreira,2134.68,18,118.59,4.28,15,27.07,Beginner
c2d70ce2c5d0a2eb75e78668236e6dc8,SP,sao paulo,2470.9,15,164.73,4.67,14,29.46,Beginner
1d4587203296c8f4ad134dc286fa6db0,SP,sao paulo,2287.5,41,55.79,4.37,37,28.37,Beginner
85e7c62c1d6ea078c3897424f867a7c8,SC,itapema,60.0,2,30.0,4.5,2,27.08,Beginner
ab9db4cf53b08b828b64dccaafc2d9f0,RS,paraiso do sul,177.78,4,44.45,5.0,4,30.19,Beginner
00fc707aaaad2d31347cf883cd2dfe10,PR,maringa,13409.9,142,94.44,3.74,94,32.06,Beginner
054694fa03fe82cec4b7551487331d74,SP,itajobi,8286.1,21,394.58,3.29,11,23.68,Beginner
a2fa0bdc798ee84cdb08281337cf4fb6,SC,florianopolis,354.86,11,32.26,4.82,10,29.39,Beginner
18a349e75d307f4b4cc646a691ed4216,SP,sao paulo,7425.21,128,58.01,3.52,79,27.93,Beginner
e59e489e2ea74bd409b798b5daf49de3,PR,maringa,495.0,5,99.0,2.2,0,13.55,Beginner
2ff97219cb8622eaf3cd89b7d9c09824,SP,salto,4339.1,94,46.16,4.55,87,31.86,Beginner
9c690ceacd5c66731bf443ea810195cb,MG,camanducaia,871.8,12,72.65,4.42,10,27.23,Beginner
b74d1c09cb380e1d03a6f859c6f4224b,RJ,rio de janeiro,2174.61,38,57.23,4.24,32,27.45,Beginner
e883aa812c37a7413226856f4579fe91,SP,itapevi,4097.1,29,141.28,3.9,22,25.91,Beginner
713e3a23ca5e47786eb6f0d99f94cfac,PR,curitiba,1126.0,4,281.5,4.75,4,29.07,Beginner
1d2732ef8321502ee8488e8bed1ab8cd,RJ,rio de janeiro,1148.0,5,229.6,3.2,3,19.81,Beginner
f1fdf2d13186575751aa25876536d85c,SP,sao paulo,26.3,1,26.3,5.0,1,30.04,Beginner
dcb7367a92f5ffb89f1e2152ed260285,SP,osvaldo cruz,79.9,1,79.9,5.0,1,30.06,Beginner
5e49e3a44bdeb5aab2684258bbd4f525,SC,balenario camboriu,507.0,3,169.0,4.67,3,28.31,Beginner
0df3984f9dfb3d49ac6366acbd3bbb85,MG,betim,9891.49,88,112.4,4.34,79,32.64,Beginner
a49928bcdf77c55c6d6e05e09a9b4ca5,SP,sao paulo,8646.9,104,83.14,2.97,48,24.4,Beginner
700f03c207639c22d933381ff60b35c2,SP,barretos,1189.86,4,297.47,4.0,3,24.6,Beginner
01fdefa7697d26ad920e9e0346d4bd1b,PR,londrina,14802.53,130,113.87,4.37,109,36.04,Beginner
4c8b8048e33af2bf94f2eb547746a916,SP,ibitinga,1882.45,23,81.85,3.48,13,22.32,Beginner
dd55f1bb788714a40e7954c3be6df745,SP,sao paulo,7041.76,37,190.32,3.81,24,26.79,Beginner
7178f9f4dd81dcef02f62acdf8151e01,SC,videira,36825.2,217,169.7,4.05,162,45.54,Intermediate
5656537e588803a555b8eb41f07a944b,DF,brasilia,7952.15,186,42.75,3.82,132,31.68,Beginner
6039e27294dc75811c0d8a39069f52c0,SP,osasco,13630.7,75,181.74,3.88,50,30.98,Beginner
a6bd7d1ccdac48c6b33b28596b7eb122,PB,mamanguape,13669.11,15,911.27,3.5,9,26.92,Beginner
5d0363b33554b373851fc1622e4d5f3c,SP,atibaia,6548.79,94,69.67,4.09,73,29.98,Beginner
b17b679f4f5ce2e03ce6968c62648246,SP,ribeirao preto,3424.18,51,67.14,3.92,35,26.42,Beginner
5b51032eddd242adc84c38acab88f23d,MG,borda da mata,3280.0,14,234.29,3.79,11,24.47,Beginner
5721089ba9214e80074f27d5a03fc0eb,SP,sao paulo,245.93,7,35.13,5.0,7,30.31,Beginner
d20b021d3efdf267a402c402a48ea64b,SP,ibitinga,4002.29,103,38.86,3.71,66,26.95,Beginner
715bbd5ba4e6b74cb0d2f29eb45058b0,SP,serra negra,4043.3,64,63.18,4.47,57,30.36,Beginner
4dbd95a08b31ede5c82d3f861cb1ce1a,PR,curitiba,370.78,4,92.7,4.75,4,28.77,Beginner
13f57c12a00ed4610db646b913a7f5c6,SP,santos,645.2,13,49.63,4.77,13,29.27,Beginner
c0f783394e37cd9c9d7f5f81141450fa,SP,piracicaba,249.4,6,41.57,3.6,4,21.88,Beginner
3771c85bac139d2344864ede5d9341e3,SP,sorocaba,1433.3,30,47.78,3.57,18,22.89,Beginner
40d54b51e962dbe09cabbcfd33298dee,SP,santo andre,6785.56,31,218.89,3.9,23,27.04,Beginner
d8dd176509baa37f359644d082bf7f7b,SP,sao caetano do sul,198.0,2,99.0,1.5,0,9.14,Beginner
fbc14c0cf93505ef89f64665ffa4a7b5,SP,serrana,12227.82,18,679.32,4.18,15,30.51,Beginner
403aa86912527d730337ffcb0fb096ab,MG,belo horizonte,8959.89,11,814.54,4.0,8,27.91,Beginner
f326006815956455b2859abd58fe7e39,SP,fernandopolis,3147.16,30,104.91,4.7,30,30.36,Beginner
3a79f35a2344ede41af21267f61d5ec6,SP,campinas,186.0,1,186.0,1.0,0,6.1,Beginner
c33a5c3c983090c8b78a28e65052a20d,SC,criciuma,559.2,8,69.9,4.13,6,25.24,Beginner
3f0e48d209018b466fcd3bb4ccfeb520,PR,curitiba,5399.0,10,539.9,3.9,7,25.86,Beginner
6973a06f484aacf400ece213dbf3d946,SP,sao jose dos campos,10593.1,110,96.3,3.67,67,29.56,Beginner
979e9f8b5b39dd243a2550c8b05aecf0,SP,sao paulo,525.0,4,131.25,5.0,4,30.33,Beginner
e89c4adbe7b1d0819dbb636e16461cf1,SP,indaiatuba,3181.3,25,127.25,3.88,16,25.3,Beginner
918717417d88a9f9ae9735567e6c7682,SP,sao paulo,345.7,4,86.43,5.0,4,30.26,Beginner
e3a386fc36e22064434e1fa256f6a9fa,SP,engenheiro coelho,793.9,17,46.7,4.24,14,26.27,Beginner
655220df33262c7e0c4949a147366f94,SP,diadema,2245.0,15,149.67,4.2,12,26.55,Beginner
20cb7c2fde3e5bf10f0bbe7394e1c6a9,PR,andira-pr,845.0,50,16.9,3.9,36,25.24,Beginner
bc302730ea8cf49b5c74f579febb5bbf,SP,campinas,2640.9,11,240.08,3.82,7,24.31,Beginner
406740ee611378a662d274c7d8c43c4a,ES,vitoria,1790.0,10,179.0,4.1,8,25.62,Beginner
07bf9669d84d1f11be443a9dd938f698,SP,sao paulo,1776.0,24,74.0,3.25,14,20.93,Beginner
b0398568231ba5e6734af1881671a317,ES,colatina,656.77,4,164.19,4.0,3,24.38,Beginner
d9a84e1403de8da0c3aa531d6d108ba6,SP,sao paulo,1385.3,58,23.88,4.62,53,30.01,Beginner
ccf8813e5a7d6c84d865cd38bfc2b130,SP,taubate,2635.5,26,101.37,4.38,22,28.11,Beginner
685b870da5b52a710782c9c0fefbeb5b,SP,sao bernardo do campo,627.0,2,313.5,2.0,0,12.31,Beginner
70b52a4cfc823994561b00bad161b4ed,SP,sao paulo,585.0,10,58.5,4.5,9,27.53,Beginner
fdaaf5bfda82b7b80535610c831b8d09,SP,sao jose do rio preto,2588.9,15,172.59,3.93,11,25.07,Beginner
3f9be91358837bff69df67edfa3e42e8,PR,londrina,569.7,7,81.39,4.43,6,27.02,Beginner
ca3bd7cd9f149df75950150d010fe4a2,SP,sao paulo,9253.47,135,68.54,3.79,96,30.49,Beginner
cf2384dd2f1dddea3f838efed0945e65,SP,serra negra,2101.5,16,131.34,3.94,11,24.96,Beginner
aafe36600ce604f205b86b5084d3d767,SC,sao jose,9251.4,131,70.62,4.38,113,33.91,Beginner
4830e40640734fc1c52cd21127c341d4,SP,sao paulo,9550.48,214,44.63,4.19,173,35.38,Beginner
48436dade18ac8b2bce089ec2a041202,SP,volta redonda,11821.11,147,80.42,4.13,114,33.92,Beginner
25e6ffe976bd75618accfe16cefcbd0d,SP,sao paulo,11552.62,115,100.46,4.42,101,34.59,Beginner
7e1fb0a3ebfb01ffb3a7dae98bf3238d,SP,franca,26169.53,169,154.85,4.16,131,40.5,Intermediate
972d0f9cf61b499a4812cf0bfa3ad3c4,SC,brusque,7910.42,86,91.98,2.96,37,23.5,Beginner
0d33a55da925bbf1ff02af5f6059fc7f,SP,sao paulo,575.3,25,23.01,4.52,22,28.1,Beginner
cac4c8e7b1ca6252d8f20b2fc1a2e4af,SP,indaiatuba,4228.18,83,50.94,3.55,51,25.48,Beginner
51ed72984a04e5dd35c2b27e77179038,SP,sao jose do rio preto,1294.3,7,184.9,3.57,4,22.15,Beginner
6d66611d7c44cc30ce351abc49a68421,SP,sao paulo,13428.6,174,77.18,3.93,124,34.17,Beginner
954e95f20808d7e5d11f0de292d078e0,MG,joao monlevade,158.78,4,39.7,4.75,4,28.68,Beginner
95b293867b5862941c9cd74f756a3c68,SP,sao paulo,648.1,9,72.01,3.56,6,21.89,Beginner
bb7a14e229b1c95156719c3d9552eeee,RJ,rio de janeiro,2760.2,10,276.02,4.5,9,28.4,Beginner
9616352088dcf83a7c06637f4ebf1c80,PR,umuarama,5703.0,98,58.19,4.28,82,30.9,Beginner
165fc07beebdcb6190fba8a06db2a449,PR,maringa,17481.4,64,273.15,3.69,45,31.05,Beginner
76c47a299e4a8fe992316a85865acbe9,SP,ribeirao preto,1024.46,10,102.45,4.8,9,29.51,Beginner
c731d18cea9bf687ffee82a241c25b11,SC,concordia,3662.0,26,140.85,3.96,19,26.0,Beginner
712e6ed8aa4aa1fa65dab41fed5737e4,SC,videira,39477.0,86,459.03,3.47,48,39.19,Beginner
c3ee2331a724e6fc02c4b698b57a73f3,SP,sao paulo,1347.0,3,449.0,3.0,0,18.63,Beginner
aac29b1b99776be73c3049939652091d,MG,uberlandia,6654.46,133,50.03,4.01,95,30.71,Beginner
5c243662ce92d84573bfaff24c3e3700,SP,sao paulo,33329.02,101,329.99,4.13,76,41.14,Intermediate
e5d4b2b0c3bca22085f7a19a28de0c42,SC,joinville,205.8,4,51.45,4.5,4,27.2,Beginner
7008613ea464bad5cb9b83456e1e6a8f,SC,canoinhas,7538.7,152,49.6,4.29,127,33.32,Beginner
92d14edfb62ee5ae7fdff70b0f4e7233,SP,sao bernardo do campo,322.0,13,24.77,2.77,5,17.14,Beginner
f80edd2c5aaa505cc4b0a3b219abf4b8,SP,sao paulo,8855.5,125,70.84,4.14,99,32.13,Beginner
e48cc16ab70bfa09e1401740dce0b3d7,SP,aracatuba,1084.83,17,63.81,3.24,9,20.38,Beginner
f8f35af4634605e6693c17cc3ffff5a8,MG,campanha,90.0,1,90.0,5.0,1,30.07,Beginner
83deb69e889cf80f82be1dc6d5f2d486,SC,florianopolis,5363.01,42,127.69,4.36,34,29.57,Beginner
f1ed6bd0a9b11b581f16c851c6a5a527,RS,porto alegre,1677.24,19,88.28,4.42,16,27.76,Beginner
eb3071b9f0b0ddaa2df5ea130f09f26b,SP,sao paulo,6230.0,11,566.36,4.64,11,30.66,Beginner
042573af89b6d931f672efaf789d8358,SP,sorocaba,413.48,3,137.83,3.67,2,22.28,Beginner
f181738b150df1f37cb0bd72e705b193,SP,carapicuiba,5529.7,37,149.45,4.49,32,30.26,Beginner
bcc9dd23e2a8bd8267cf92b19304a1b9,SP,ibitinga,202.79,3,67.6,2.33,1,14.15,Beginner
3fe7120d6257285ac6a3ce7cb071ccec,MG,governador valadares,199.98,2,99.99,3.5,1,21.14,Beginner
a3082f442524a1be452e3189e003b361,SP,curitiba,301.6,4,75.4,4.25,4,25.74,Beginner
83f2b4881141ce3fcd4e985125d3279e,SP,ribeirao preto,95.6,4,23.9,5.0,4,30.16,Beginner
512d298ac2a96d1931b6bd30aa21f61d,RJ,rio de janeiro,7401.94,12,616.83,4.25,10,28.82,Beginner
3d62f86afa7c73be2628a3be1423f5a0,SP,jacarei,12.0,2,6.0,4.0,2,24.06,Beginner
5733d806668f8712c24b9abaefbfa642,SP,chapeco,243.8,2,121.9,5.0,2,30.16,Beginner
24a6daf925d9d591870a66660416de31,SP,robeirao preto,60.0,2,30.0,4.5,2,27.08,Beginner
abbf6046bbdf1028606a5bc7f00c99e7,SC,xanxere,1867.25,6,311.21,4.67,6,28.95,Beginner
3d0cd21d41671c46f82cd11176bf7277,SC,joinville,447.8,11,40.71,4.73,10,28.89,Beginner
f805b96fa705ba7995a221f1749dc141,PR,maringa,2744.44,7,392.06,4.43,5,27.89,Beginner
20b54c376b794ed028df09a3cd88e8dc,SP,sao caetano do sul,927.87,7,132.55,3.71,4,22.84,Beginner
de09d00cfc265b8804c7df34075a68fa,SP,sao paulo,784.0,3,261.33,3.33,2,20.38,Beginner
a080fc8a850289b27500f6b49cca2553,SP,sao paulo,383.0,4,95.75,4.75,4,28.77,Beginner
2953ce3a88f5e3c3b696d77fc9e4c8eb,SP,sao paulo,470.0,15,31.33,4.67,14,28.66,Beginner
d1ef48b38baca7e831711c4a0aeb398f,PR,apucarana,1439.13,34,42.33,4.53,32,28.78,Beginner
391bbd13b6452244774beff1824006ed,SP,campinas,63.9,1,63.9,1.0,0,6.06,Beginner
813348c996469b40f2e028d5429d3495,SP,jundiai,10813.53,195,55.45,4.01,139,34.24,Beginner
0be8ff43f22e456b4e0371b2245e4d01,SP,sao paulo,11336.0,175,64.78,3.97,129,33.6,Beginner
17e34d8224d27a541263c4c64b11a56b,SP,riberao preto,54440.28,260,209.39,4.2,211,54.78,Intermediate
2e1c9f22be269ef4643f826c9e650a52,SP,sao paulo,12260.23,168,72.98,4.24,135,35.38,Beginner
db4350fd57ae30082dec7acbaacc17f9,SP,sao paulo,3304.32,145,22.79,4.15,116,30.57,Beginner
05f51e13da97139648b8125c31e5f51b,MG,belo horizonte,13100.31,60,218.34,4.25,52,32.54,Beginner
20d53aad4fe5ee93a64f8839609d3586,MG,santa rita do sapucai,14.5,1,14.5,1.0,0,6.04,Beginner
57c764b4a836300be881e2ff86e449f9,SP,ribeirao preto,1156.1,29,39.87,4.25,24,26.83,Beginner
6cd68b3ed6d59aaa9fece558ad360c0a,MG,belo horizonte,11188.57,157,71.26,4.45,136,35.89,Beginner
88460e8ebdecbfecb5f9601833981930,PR,maringa,32184.5,309,104.16,3.37,180,42.36,Intermediate
710e3548e02bc1d2831dfc4f1b5b14d4,PR,rolandia,22369.25,137,163.28,3.46,83,33.82,Beginner
a5cba26a62b8b4d0145b68b841e62e7f,PR,campo mourao,14438.84,54,267.39,4.57,48,34.82,Beginner
c0563dd588b775f2e37747ef6ad6c92c,SP,santo andre,3697.2,28,132.04,4.36,24,28.48,Beginner
ffdd9f82b9a447f6f8d4b91554cc7dd3,PR,curitiba,2101.2,20,105.06,4.25,16,26.94,Beginner
fa1a9dec3a9940c072684a46728bf1fc,SC,icara,6674.0,60,111.23,3.98,42,28.35,Beginner
b6d44737c043328708f6749c2dbe50bd,SP,santo andre,5284.6,79,66.89,4.57,73,31.9,Beginner
10089e9f2fd0c668a8fd4e52e1698888,SP,sao jose do rio preto,1139.9,3,379.97,4.33,3,26.53,Beginner
59b22a78efb79a4797979612b885db36,MG,uberlandia,27184.5,133,204.39,3.97,98,38.68,Beginner
02c988090b766852e088c69d7fb3b551,SP,americana,1564.37,16,97.77,4.69,15,29.25,Beginner
ce7d1888639e6fb06b2749cbfdac1ff7,MG,baependi,11793.89,84,140.4,4.11,65,31.9,Beginner
6f892e20a171e98efe17fdb971ff319b,SP,sao paulo,6049.0,50,120.98,3.9,38,27.32,Beginner
4200ddf1967c5e41e48db62bc6d4b5ac,SP,sao bernardo do campo,734.8,42,17.5,4.24,29,26.99,Beginner
0761743cbffb25d7148189e9f1a5f03a,SP,ribeirao preto,241.2,7,34.46,4.29,7,26.05,Beginner
fe49ee029e61e789a1f3a5525f57ba8d,SP,osasco,2473.69,16,154.61,4.25,12,26.97,Beginner
b83cedfb587e7911540e3f576d6917ce,SP,sao paulo,2224.95,25,89.0,4.24,21,27.08,Beginner
253c025bab43881055aeecde5e2d8b77,PR,curitiba,94.82,2,47.41,4.5,2,27.1,Beginner
d32e3909cfb714fb2a6cb092c85b9c5f,SP,jundiai,2827.9,11,257.08,3.64,7,23.3,Beginner
5ab05b6d86d417796c69ffd6774ec832,SP,assis,1886.1,12,157.18,3.67,8,23.13,Beginner
2709af9587499e95e803a6498a5a56e9,SP,sao paulo,1180.56,46,25.66,2.6,18,17.45,Beginner
6481e96574816ead57975da2c0f6d80d,SP,sorocaba,3324.9,43,77.32,4.14,33,27.46,Beginner
b33aaadd1a8891d2dfef0c4c3bdf0371,SP,limeira,1504.0,17,88.47,3.76,12,23.67,Beginner
4324dd16853115efb0fd9d0d131ba6f4,SP,sao jose do rio pardo,1052.25,18,58.46,4.28,16,26.64,Beginner
9e6229250fedbe05838fef417b74e7fb,SP,mirandopolis,12962.3,77,168.34,3.9,54,30.89,Beginner
056b4ada5bbc2c50cc7842547dda6b51,RJ,queimados,12203.4,65,187.74,4.16,54,31.79,Beginner
ddd51ae8cda92f3995a51fc0f0f3eec7,RJ,rio de janeiro,842.7,25,33.71,4.6,23,28.69,Beginner
2e13c71026e1a39ba5cc1b86dcb679aa,SP,sao paulo,3793.0,28,135.46,4.25,21,27.86,Beginner
7caa63f175b1cecbfaadd8b5ab9998c7,SP,sao paulo,19.9,1,19.9,1.0,0,6.04,Beginner
392e0502231ae2f8b29994ef6398cd77,SP,cerqueira cesar,1572.9,17,92.52,4.35,14,27.24,Beginner
c714262700f93defc16bf17a51a4cb23,SP,sao paulo,421.8,4,105.45,3.75,3,22.79,Beginner
5145090ab595c0d0b8557199f5701fbf,PR,curitiba,1459.6,4,364.9,4.25,3,26.2,Beginner
066a6914e1ebf3ea95a216c73a986b91,PR,foz do iguacu,8956.38,72,124.39,3.97,54,29.56,Beginner
ec80e49e69745ab6c14f984bf2149423,SP,limeira,3709.0,12,309.08,4.0,8,25.84,Beginner
8185694b58b2ba6de20fd41ae608bbea,SP,tabao da serra,1372.3,8,171.54,4.5,7,27.79,Beginner
c864036feaab8c1659f65ea4faebe1da,PR,campo largo,10454.2,58,180.24,4.57,53,33.34,Beginner
4a3ca9315b744ce9f8e9374361493884,SP,ibitinga,199408.32,1971,101.17,3.83,1323,161.87,Elite
3be634553519fb6536a03e1358e9fdc7,SP,sao paulo,5290.92,96,55.11,4.0,70,29.0,Beginner
a1043bafd471dff536d0c462352beb48,MG,ilicinea,99309.23,752,132.06,4.25,621,87.78,Elite
c003204e1ab016dfa150abc119207b24,SP,cajamar,24904.29,200,124.52,4.44,178,42.6,Intermediate
318f287a62ab7ac10b703ac37435a231,SP,sao paulo,2432.48,61,39.88,3.92,44,26.32,Beginner
9d5a9018aee56acb367ba9c3f05d1d6a,GO,aparecida de goiania,10119.98,78,129.74,4.44,68,33.03,Beginner
71039d19d4303bf9054d69e9a9236699,SP,sao paulo,3537.2,38,93.08,3.68,25,24.63,Beginner
cfb1a033743668a192316f3c6d1d2671,SP,votorantim,13062.04,184,70.99,3.99,136,34.68,Beginner
e9779976487b77c6d4ac45f75ec7afe9,SP,praia grande,42327.18,739,57.28,4.21,598,64.36,Advanced
e96498ed8daaa3e9c23f7a62da76591c,SP,sao paulo,9619.09,34,282.91,3.94,26,28.51,Beginner
a420f60ff1aa9acc80d0e42959f2b313,SP,sao paulo,7443.3,69,107.87,3.93,50,28.63,Beginner
f3da5b2ff499efb8d4a6d371d175d7dd,SP,sao paulo,3599.79,83,43.37,3.9,58,27.33,Beginner
fcb5ace8bcc92f75707dc0f01a27d269,SP,guarulhos,8036.45,71,113.19,3.91,51,28.8,Beginner
2138ccb85b11a4ec1e37afbd1c8eda1f,SP,sao paulo,12108.21,420,28.83,3.92,298,40.96,Intermediate
2a61c271b1ac763450d846849783e922,SP,santo andre,1486.77,22,67.58,3.68,12,23.33,Beginner
e06f09ec0a4aca210779cf1cfc63cf19,SP,sao paulo,5833.39,33,176.77,4.03,23,27.5,Beginner
9bf11dfc0bec77e5a23028043c3c5a8f,MG,contagem,115.0,1,115.0,1.0,0,6.08,Beginner
95f83f51203c626648c875dd41874c7f,MG,borda da mata,3077.66,65,47.35,3.22,33,22.5,Beginner
b372ee768ed69e46ca8cdbd267aa7a38,SP,sao jose do rio preto,12665.0,70,180.93,4.4,59,33.57,Beginner
04fdea0c111866e6cf812f1570d6b5bd,SP,sao paulo,865.0,8,108.13,3.5,4,21.59,Beginner
a425f92c199eb576938df686728acd20,PR,curitiba,1106.3,18,61.46,4.56,16,28.34,Beginner
5b35136197710e16ac5e7b7c2bd4ea85,RJ,rio de janeiro,3104.2,9,344.91,2.56,4,16.87,Beginner
83b08de96980757220871b31bf6cffca,RJ,rio de janeiro,1304.17,7,186.31,4.29,6,26.47,Beginner
54219883e72aad869adfb2a54b7bfa0f,SP,sorocaba,6750.0,5,1350.0,3.2,3,22.05,Beginner
e0a366315b1b726b6c7832d664c0f530,SP,sao paulo,7400.09,51,145.1,4.33,43,30.47,Beginner
32f83ffe11cd40f7adcf4eef171f52d9,RS,uruguaiana,29.99,1,29.99,5.0,1,30.04,Beginner
0249d282d911d23cb8b869ab49c99f53,SP,sao paulo,393.0,11,35.73,4.27,8,26.11,Beginner
4ea2f12dbe91deeacd2c1e74f069a6e6,SP,sao paulo,210.2,6,35.03,4.83,6,29.24,Beginner
83353a83fd769dfafa4f21a72b15e3e5,SP,sao paulo,579.5,5,115.9,3.8,3,23.18,Beginner
3dbbce181edfaa4a597ec858c382d2ec,PR,curitiba,848.3,20,42.42,4.35,17,27.04,Beginner
91f5779a8731baca4809fdeade81803f,RJ,barra mansa,1971.46,6,328.58,3.83,4,23.95,Beginner
2a50b7ee5aebecc6fd0ff9784a4747d6,DF,brasilia,199.8,2,99.9,1.0,0,6.14,Beginner
7c4adcc13272c0e26fa23aac642adb7b,RJ,sao goncalo,135.0,2,67.5,3.0,1,18.11,Beginner
4559697a8f7e637227c2eeaed843baff,SP,presidente prudente,3626.1,41,88.44,4.22,35,28.0,Beginner
a066df7361163e7ddc5d7452dd17448b,SP,franca,1078.3,17,63.43,4.47,14,27.76,Beginner
4aba391bc3b88717ce08eb11e44937b2,BA,arraial d'ajuda (porto seguro),7286.88,28,260.25,4.0,21,27.75,Beginner
8a2d12a90e92f012ce5226fc6592b653,PR,curitiba,1713.65,19,90.19,4.61,17,28.92,Beginner
8f78f0903005064036736c7173a5c2ed,MG,tiradentes,2113.7,21,100.65,3.48,12,22.36,Beginner
f43827dd686be3a4a80e00aa299990fb,SP,sao jose do rio preto,95.54,2,47.77,2.0,0,12.1,Beginner
b56828a9f9027f3c918c04ca720d9e3c,SP,praia grande,360.0,3,120.0,2.67,1,16.25,Beginner
90b57083da5d803237da74daec6dcb2b,PR,curitiba,206.9,2,103.45,5.0,2,30.14,Beginner
f5b44895715ddfe3087dc414f30268f3,SP,sorocaba,378.8,19,19.94,4.0,15,24.72,Beginner
d9cb0052a666de5308b32f32ad5f1b1c,SP,olimpia,231.9,3,77.3,3.67,2,22.2,Beginner
626ab1cd96932367f0eeec2e47046c12,SP,sao paulo,1310.0,3,436.67,4.67,3,28.63,Beginner
2eb70248d66e0e3ef83659f71b244378,SP,campinas,39115.62,198,197.55,2.81,75,38.45,Beginner
d6ab728cf30867cf3f1a2e216ae2f9b7,SP,sao paulo,2002.0,14,143.0,4.43,13,27.8,Beginner
6e4f5ff6b086632ba8dcb558fb10249e,RS,flores da cunha,838.9,5,167.78,3.4,3,20.89,Beginner
b26741d31a563d769b4af0465ab20c56,SC,florianopolis,648.0,2,324.0,4.0,2,24.32,Beginner
b19f3ca2ea475913750f25a5c37c8d8f,MG,divinopolis,4174.16,19,219.69,3.26,10,21.8,Beginner
52ac6f920b7280e4c6d30dd94de6259b,PR,pinhais,5657.3,7,808.19,3.29,4,22.21,Beginner
640e21a7d01df7614a3b4923e990d40c,SP,ibitinga,7528.89,136,55.36,4.29,111,32.83,Beginner
d354c38a7182125a748cb10474fe963b,RJ,aperibe,1500.34,19,78.97,4.39,16,27.51,Beginner
b94cc9f10ddc85e4ba73a6f7974e7101,RJ,macae,25346.1,39,649.9,4.3,30,37.11,Beginner
ea8482cd71df3c1969d7b9473ff13abc,SP,sao paulo,36696.76,1188,30.89,3.98,866,74.2,Advanced
98dac6635aee4995d501a3972e047414,SP,sao paulo,4115.75,190,21.66,3.89,138,30.69,Beginner
0b90b6df587eb83608a64ea8b390cf07,PR,maringa,29075.68,214,135.87,4.03,156,42.23,Intermediate
dbc22125167c298ef99da25668e1011f,MG,borda da mata,32938.02,418,78.8,4.27,337,51.34,Intermediate
f262cbc1c910c83959f849465454ddd3,SP,sao paulo,10199.86,204,50.0,4.12,158,34.92,Beginner
2dee2ce60de9709b1a24083217181a1f,MT,sinop,7784.5,55,141.54,4.36,46,30.92,Beginner
25c5c91f63607446a97b143d2d535d31,MG,itauna,54951.52,271,202.77,3.72,184,52.43,Intermediate
7040e82f899a04d1b434b795a43b4617,SP,sao paulo,9213.7,223,41.32,3.59,139,31.92,Beginner
c7a0a13cbcf29d5ce51c8f80afdc0b89,SC,laurentino,483.08,9,53.68,4.22,7,25.78,Beginner
6edacfd9f9074789dad6d62ba7950b9c,SP,guarulhos,13016.3,217,59.98,4.39,184,38.06,Beginner
dbd66278cbfe1aa1000f90a217ca4695,SP,sao paulo,4928.9,99,49.79,4.45,91,31.64,Beginner
fa1c13f2614d7b5c4749cbc52fecda94,SP,sumare,190917.14,579,329.74,4.37,496,119.96,Elite
d94a40fd42351c259927028d163af842,MG,baependi,13674.8,109,125.46,4.13,79,33.52,Beginner
916748bc99315c2d202898ae58b1617e,SP,sorocaba,369.4,32,11.54,4.34,29,27.15,Beginner
c3cfdc648177fdbbbb35635a37472c53,PR,curitiba,43966.58,314,140.02,4.45,270,53.71,Intermediate
994f04b3718c2bab35c2adfa8afecd2a,SP,jaguariuna,3289.8,55,59.81,4.33,44,28.95,Beginner
e9511df20ccd82658a30c37b7fb343af,SP,bauru,2096.6,30,69.89,4.47,27,28.56,Beginner
9596c870880d900012f2e8e6e30d06d7,MG,varginha,7625.35,23,331.54,4.17,18,28.76,Beginner
5b581417df4480f632484ba681e53944,SC,florianopolis,1641.6,12,136.8,3.5,7,22.02,Beginner
a3a38f4affed601eb87a97788c949667,SC,joinville,26294.62,260,101.13,4.4,219,44.72,Intermediate
dc8798cbf453b7e0f98745e396cc5616,SP,sao paulo,1733.0,43,40.3,3.49,26,22.92,Beginner
dd533b429f380718b70ad9922c294bae,SP,barretos,2244.88,43,52.21,3.86,31,25.35,Beginner
781a66c0d89e30814d49fe8b5e14cd07,SP,campinas,115.0,1,115.0,1.0,0,6.08,Beginner
86bb7c4b535e49a541baf3266b1c95b1,SP,franca,8162.4,16,510.15,3.2,8,22.94,Beginner
09883d9ab71c8fe8a9bfc7fc3075b07e,SP,sao paulo,269.6,4,67.4,4.0,3,24.23,Beginner
a1544b9ea0b2390e020537d4daa89049,SP,jundiai,891.1,9,99.01,4.0,7,24.63,Beginner
ef990a83bbea832f36ebe81376335aa8,SC,joinville,4642.59,44,105.51,3.66,30,25.14,Beginner
d4e12e7884759a14fa0f5f896c791cae,SP,sao paulo,1400.0,32,43.75,4.63,30,29.3,Beginner
1b7e5006cb25dd23ce8686691013b121,SP,sao paulo,2636.74,11,239.7,4.36,9,27.54,Beginner
cd06602b43d8800bd0afad514919d35c,SP,sao paulo,2555.31,52,49.14,3.73,34,24.96,Beginner
95ec4458365c4d11f452ccf538377619,SP,limeira,1866.76,31,60.22,4.27,26,27.3,Beginner
bba3293d6f5d5af2f415e004e8b93ae3,SP,sao paulo,11702.1,17,688.36,4.29,14,30.93,Beginner
f12ff17ad8bbf01ec5c33b17e506649b,SP,sao paulo,6101.0,28,217.89,3.86,19,26.44,Beginner
fad44952713764836814be105382aee5,RJ,rio de janeiro,5129.0,32,160.28,4.28,24,28.69,Beginner
834f8533b2ecb6598dd004ff3de7203a,SP,sao paulo,4516.11,48,94.09,3.88,34,26.53,Beginner
f7ccf836d21b2fb1de37564105216cc1,SP,ibitinga,2748.4,73,37.65,3.86,51,26.45,Beginner
3f3486b61f45078d4f31ee5e43d8c5bb,SP,sao paulo,3769.73,39,96.66,4.33,33,28.66,Beginner
8378eb36b6b70c5734e83ad7b8cdc3b7,SC,itajai,1714.8,13,131.91,3.77,9,23.7,Beginner
863d2ebcd347ce4922de7a0f9a5581d6,RJ,rio de janeiro,1312.36,18,72.91,4.11,15,25.72,Beginner
c74f14c1e26cf1bd5bd34b6a1e274426,SC,sao miguel do oeste,39.0,1,39.0,5.0,1,30.05,Beginner
ab3e0c171fe84a7ba7de130f19cfb485,PR,colorado,623.45,7,89.06,4.14,5,25.3,Beginner
659e8466eb3ff1b0e8740d74fb7bbedd,BA,eunapolis,1486.8,14,106.2,4.5,12,28.01,Beginner
7c4618c82226628831613e95e9c22f44,SP,sao roque,333.93,13,25.69,4.08,10,25.0,Beginner
52f0fe436a347ddad7ed5f9aa4e27eaa,SP,sao paulo,1452.49,21,69.17,3.48,13,22.09,Beginner
c4af86330efa7a2620772227d2d670c9,SP,mogi das cruzes,5396.0,4,1349.0,4.33,2,28.26,Beginner
04aa0a1c5ce6b222003403a3e11c3cc0,SP,cosmopolis,5518.0,17,324.59,3.53,12,23.9,Beginner
da3fede3469bf49b7293ce3fc45b294d,SP,mogi das cruzes,44.9,1,44.9,5.0,1,30.05,Beginner
e8a85b5f3df47be0984c55fd4064dbb4,DF,brasilia,743.0,14,53.07,4.71,13,28.98,Beginner
ba6ce6de456f6c11d08c17701ba5c26f,SP,sorocaba,744.35,7,106.34,3.71,5,22.77,Beginner
431af27f296bc6519d890aa5a05fdb11,SP,ribeirao preto,13014.5,125,104.12,3.81,87,31.82,Beginner
5a93f3ab0ef4c84ed5e1b5dbf23978bc,SP,monteiro lobato,2299.28,43,53.47,4.81,42,31.07,Beginner
cc80e2f693fa6e2408f47ccf62413fc1,PR,curitiba,420.0,2,210.0,4.0,2,24.23,Beginner
70a12e78e608ac31179aea7f8422044b,SP,jacarei,29963.53,323,92.77,3.79,214,44.42,Intermediate
adbc26658d6c7b4b6219f9d934598091,PR,curitiba,11806.4,92,128.33,4.05,69,31.78,Beginner
891071be6ba827b591264c90c2ae8a63,SP,sao paulo,3793.34,91,41.69,3.87,65,27.47,Beginner
e2aee0892199b1d92530e371abd825bf,PR,rolandia,5392.77,39,138.28,3.9,28,26.73,Beginner
5b925e1d006e9476d738aa200751b73b,SP,sao paulo,8315.5,66,125.99,4.61,62,32.97,Beginner
bdb3edbaee43a761e2d4f258dc08f348,SP,lencois paulista,259.5,5,51.9,3.8,4,23.05,Beginner
4b39558c138930b9e5489c93b6df5fe3,SE,aracaju,1096.7,5,219.34,4.6,4,28.19,Beginner
7e3f87d16fb353f408d467e74fbd8014,SP,sao paulo,4653.09,93,50.03,4.16,73,29.61,Beginner
404e1ba01358af4cd63f679b2c4d1fa1,MG,juiz de fora,373.9,12,31.16,5.0,12,30.51,Beginner
5882820ef11c4c068eea0677a7a879b4,RS,caxias do sul,9925.5,14,708.96,4.15,10,29.29,Beginner
2745f798279e0ed033addcc1474776d7,SP,sao paulo,3668.53,32,114.64,3.97,21,26.25,Beginner
2f74af7a0ee5636f12c2336f9fffed47,SP,sao paulo,560.7,13,43.13,4.31,10,26.47,Beginner
84deb808079d1be601c209c1e771b1cc,PR,curitiba,34.93,2,17.47,5.0,2,30.07,Beginner
669ae81880e08f269a64487cfb287169,SC,rio do sul,13263.87,187,70.93,4.12,149,35.64,Beginner
a5259c149128e82c9d6d46e0c1c812bb,RO,ji parana,1182.26,8,147.78,3.88,6,23.99,Beginner
34056b8b55c1775a22af2331670a799c,SP,penapolis,6398.7,77,83.1,4.04,60,29.11,Beginner
ec8879960bd2221d5c32f8e12f7da711,SP,itatiba,3957.5,35,113.07,4.29,27,28.37,Beginner
080102cd0a76b09e0dcf55fcacc60e05,MG,belo horizonte,5612.65,128,43.85,4.53,112,33.27,Beginner
921323538c9f1c4e816f2720eac02bea,SP,sao paulo,1401.84,17,82.46,4.0,13,25.07,Beginner
6df688df543f90e9b38f4319e75a9d88,MG,belo horizonte,1891.76,55,34.4,4.51,48,29.47,Beginner
c6a7539d424a8402232c2228d7a03c5e,SP,sao paulo,607.5,15,40.5,2.6,7,16.29,Beginner
8f54d64f28a993550aa7943f12572959,MG,ipatinga,2755.5,16,172.22,3.81,11,24.44,Beginner
a70e9066dbfd10b6b97a3f54a1356762,PR,mandaguari,1716.0,4,429.0,5.0,4,30.81,Beginner
8e2b3afb420011ef0c88c9d5f11ea526,SP,campinas,1384.5,11,125.86,4.27,8,26.5,Beginner
0ffa40d54288e4f3499b8780dd0f144f,SP,presidente prudente,2162.8,35,61.79,4.4,29,28.32,Beginner
270d3ef21830ad0ecf3a6c53d08a533a,SP,carapicuiba,471.0,17,27.71,2.29,1,14.44,Beginner
b8555308bfdb4ca1ed54325a58da9a97,SP,sao bernardo do campo,3047.2,28,108.83,4.07,20,26.48,Beginner
7f152321c60a266edc53af1925ef96c1,SC,criciuma,3919.8,20,195.99,3.8,13,24.97,Beginner
d5b9a084373da994a6e37f732169a853,SP,santo andre,1769.0,7,252.71,3.57,5,22.34,Beginner
3f2af2670e104d1bcb54022274daeac5,PR,terra boa,973.6,7,139.09,3.57,5,22.02,Beginner
f419677537694f0462a91990df6ca44f,SP,sao bernardo do campo,220.5,6,36.75,4.0,4,24.27,Beginner
0eaa7e33d73809f1f925f7d07c506cbd,SP,santo andre,1552.0,15,103.47,4.71,13,29.33,Beginner
376d67b61dce0c990155286e7ae486a4,SP,sao paulo,94.0,1,94.0,4.0,1,24.07,Beginner
6a8a889bde935bafa76d7848782dfaf9,SP,sao paulo,860.82,30,28.69,3.93,24,24.82,Beginner
e5e33c0d8e7e002f398f5dc4cbbb338f,SP,bauru,6494.9,27,240.55,4.59,23,30.95,Beginner
c3f5668699a1b04c0fa61ecea1e2bff6,PR,apucarana,407.81,3,135.94,5.0,3,30.25,Beginner
fcf16b7a8697e559f0123190bb30177d,SP,sao paulo,1052.8,7,150.4,3.14,4,19.47,Beginner
d3dcf0604eabf0224fbd5948b5e02f69,SP,sao paulo,2902.3,9,322.48,3.89,6,24.77,Beginner
83c8aafbefb034674a70de0eac5b8954,PR,francisco beltrao,134.9,2,67.45,5.0,2,30.11,Beginner
d624126b9206f595fb3fbb6ba03b28a8,PR,curitiba,7198.8,28,257.1,4.33,21,29.7,Beginner
004c9cd9d87a3c30c522c48c4fc07416,SP,ibitinga,20324.2,174,116.81,4.15,130,38.25,Beginner
7c67e1448b00f6e969d365cea6b010ab,SP,itaquaquecetuba,188063.83,1366,137.67,3.35,761,136.31,Elite
725c32fa80c2faacc4fc88450d27314e,SP,sao paulo,7838.88,93,84.29,4.54,83,33.17,Beginner
128639473a139ac0f3e5f5ade55873a5,PR,maringa,11795.85,554,21.29,4.2,441,46.54,Intermediate
2528513dd95219a6013d4d05176e391a,SP,osasco,32660.2,166,196.75,3.96,117,41.8,Intermediate
b14db04aa7881970e83ffa9426897925,SP,sorocaba,5595.9,105,53.29,3.8,67,28.19,Beginner
a6fe7de3d16f6149ffe280349a8535a0,SP,franca,2844.9,51,55.78,4.06,38,27.03,Beginner
70eea00b476a314817cefde4aad4f89a,SP,itatiba,31634.65,113,279.95,4.38,96,42.32,Intermediate
1336efc61c316ddf92c899eb817f7cae,SP,assis,4837.31,85,56.91,3.94,61,28.12,Beginner
93dc87703c046b603023e75222018b45,MG,belo horizonte,8149.35,34,239.69,4.16,26,29.24,Beginner
8ab42aa58097fd4668d60cc648225d5f,GO,goiania,2616.75,26,100.64,4.15,19,26.73,Beginner
56642bcb79900e777d68e91915cb4267,SP,sao paulo,3657.64,56,65.32,3.77,38,25.76,Beginner
8a207b6080964f3c1fc9d35bd6096ba4,SP,jaci,553.7,3,184.57,5.0,3,30.31,Beginner
750303a20e9c56b2a6bc45cdce0b897d,GO,goiania,7876.0,56,140.64,4.34,48,30.87,Beginner
05d2173d43ea568aa0540eba70d2ca76,MG,alfenas,5759.66,66,87.27,4.0,49,28.28,Beginner
3a490ba60afa30ece0e7d50cfe74a4f0,MG,belo horizonte,1529.2,8,191.15,4.63,7,28.63,Beginner
59fb871bf6f4522a87ba567b42dafecf,SP,sao paulo,21308.59,126,169.12,4.26,104,37.86,Beginner
97e995629983723d11830a829bc2b246,SP,lorena,499.5,5,99.9,4.8,5,29.15,Beginner
f0b47fbbc6dee9aafe415a6e33051b3f,SP,maua,3766.92,85,44.32,4.26,68,29.62,Beginner
119d1aef1b4144adba89163f6cd9f5d4,SP,pedreira,1094.0,4,273.5,4.75,4,29.06,Beginner
eed78ac17f7f795a19a709745f00cd4e,SP,botucatu,4349.5,56,77.67,3.41,31,23.88,Beginner
d379f449f2a3b271bc01c0782020f705,MG,divinopolis,4423.06,29,152.52,3.93,21,26.22,Beginner
9bcdfa7b615b3abb9461d9e3ad9886ae,SC,blumenau,2126.07,20,106.3,4.6,19,29.05,Beginner
b18dc380845b24038cfc48006478f099,SP,diadema,7753.96,48,161.54,4.3,38,30.34,Beginner
e24fc9fcd865784fb25705606fe3dfe7,SP,braganca paulista,12768.0,55,232.15,4.18,44,31.84,Beginner
48162d548f5b1b11b9d29d1e01f75a61,SP,piracicaba,20109.39,89,225.95,3.82,64,33.63,Beginner
3f995f07c49d0d55a99d5c54957f7d81,SP,itapecerica da serra,3955.7,43,91.99,4.21,34,28.13,Beginner
15b3b1b81484422eb41df68ac87f1f50,SP,bauru,43.35,1,43.35,1.0,0,6.05,Beginner
c53bcd3be457a342a97e39e5a9f0be22,SE,neopolis,509.5,5,101.9,3.2,3,19.55,Beginner
09f952a5f58d2285b0372551ae8f9b01,SP,sao bernardo do campo,11821.5,56,211.1,3.88,38,29.69,Beginner
52f976b17ea7f2f087f56dcc419328f6,PR,california,7630.0,6,1271.67,3.67,3,25.25,Beginner
014c0679dd340a0e338872e7ec85666a,MG,timoteo,7058.0,15,470.53,3.67,9,25.29,Beginner
6d988d6174a2c27441597174f8905515,PR,maringa,371.73,23,16.16,4.26,19,26.4,Beginner
6bb0724edf0b62fb91ac404873a97241,SP,cotia,3653.0,18,202.94,4.5,14,29.0,Beginner
d7ab82074b5f1dfba46db123df101bff,SP,atibaia,38.67,3,12.89,4.33,3,26.09,Beginner
ba6b4a237f92479743cf0ca06b67a9ac,RJ,rio de janeiro,801.89,8,100.24,4.25,6,26.06,Beginner
180c3376aff0e43dd5788709df48a843,SP,sao paulo,4513.0,10,451.3,4.7,9,30.31,Beginner
916c9de0b5ad957346eeeb12f332687e,PR,curitiba,5336.5,27,197.65,4.37,24,29.16,Beginner
717b78b0950b51ed00b1471d858b0edc,SP,alambari,138.6,5,27.72,4.0,4,24.21,Beginner
d566c37fa119d5e66c4e9052e83ee4ea,SP,sao paulo,5145.7,73,70.49,4.72,69,32.57,Beginner
5659d77e8d90378e39b960ad5956f64e,SP,taubate,182.48,2,91.24,2.5,1,15.13,Beginner
06df0c10d34e459d9672bc77388742eb,PR,maringa,9070.0,30,302.33,4.37,26,30.75,Beginner
5ca5d579b5857ee8709479b1047cecc3,SP,sao paulo,169.99,1,169.99,1.0,0,6.1,Beginner
a254c682cc01e119f83530446f1df9a9,SP,cafelandia,569.4,7,81.34,4.14,6,25.28,Beginner
9aa388272ee334b6ae07bc73706e254a,MG,muriae,678.0,7,96.86,3.86,5,23.64,Beginner
be67f78487e2cecb0d55bc769709e4f5,MG,ibirite,102.0,1,102.0,5.0,1,30.07,Beginner
46dc3b2cc0980fb8ec44634e21d2718e,RJ,rio de janeiro,122811.38,523,234.82,4.26,427,90.37,Elite
620c87c171fb2a6dd6e8bb4dec959fc6,RJ,petropolis,112970.9,784,144.1,4.27,628,94.33,Elite
f789d2c4f2c2eb38fc4373e7a4b35264,MG,juiz de fora,4864.24,49,99.27,4.18,38,28.5,Beginner
7a425d299613df3e613bcf9d2eaf5c49,RJ,rio de janeiro,1218.8,18,67.71,4.11,13,25.69,Beginner
8648b1e89e9b349e32d3741b30ec737e,SP,jacarei,7427.65,102,72.82,4.13,78,30.81,Beginner
1554a68530182680ad5c8b042c3ab563,MG,monte siao,29164.43,270,108.02,4.27,224,45.39,Intermediate
f19516b9ff26bfeb091b30108db4ddbd,SP,artur nogueira,162.7,3,54.23,3.67,2,22.18,Beginner
cca3071e3e9bb7d12640c9fbe2301306,SP,ibitinga,64655.23,836,77.34,3.89,569,74.28,Advanced
d7b2377bae6ace1b11fc69a11900ac36,SP,sao paulo,239.7,3,79.9,3.67,2,22.21,Beginner
d673a59aac7a70d8b01e6902bf090a11,SP,ibitinga,3936.84,85,46.32,3.98,64,28.0,Beginner
9c068d10aca38e85c50202e17b4a7e88,MS,coxim,2658.9,17,156.41,4.13,13,26.35,Beginner
12b9676b00f60f3b700e83af21824c0e,RS,montenegro,26575.0,134,198.32,4.53,120,41.83,Intermediate
9de4643a8dbde634fe55621059d92273,SC,joinville,17560.34,81,216.79,4.53,73,36.63,Beginner
e9bc59e7b60fc3063eb2290deda4cced,PR,maringa,33543.69,260,129.01,4.03,197,45.4,Intermediate
cb4a705d00e100b9732d0ca34817d441,SC,florianopolis,998.0,2,499.0,1.0,0,6.46,Beginner
1d29dfba02015238dfbe2449a5eaa361,MG,vicosa,612.8,12,51.07,4.5,11,27.61,Beginner
9dda5bbacd45e18d6485fee649205d09,MG,santa rita do sapucai,1912.6,22,86.94,4.23,17,26.81,Beginner
94ca168e8bcb407ab85c5da308863027,SP,clementina,224.3,5,44.86,5.0,5,30.24,Beginner
8bd0f31cf0a614c658f6763bd02dea69,SP,sao paulo,4455.34,35,127.3,4.21,26,28.09,Beginner
bbad7e518d7af88a0897397ffdca1979,SP,sao paulo,4426.32,84,52.69,3.05,42,22.59,Beginner
23d7c96d4a1160db1c726b248601b25a,SP,capivari,10868.14,53,205.06,3.92,36,29.46,Beginner
ebd2d60905fb58271facef5596b620d3,SP,lencois paulista,7713.02,85,90.74,4.24,66,31.08,Beginner
fb8904a8ea99f8831b64ce27db2c1765,SP,sao caetano do sul,278.0,2,139.0,4.5,2,27.17,Beginner
670c26e0f1bf8d0576271d5cfaec6d2b,PR,maringa,6250.1,86,72.68,4.35,71,31.18,Beginner
eb4df17aed01d918c65f0f8d650900c0,SP,paulinia,3739.87,11,339.99,3.91,8,25.29,Beginner
e21a1e8be4715b0fcfd5385643bc49c4,SC,jaguaruna,673.7,23,29.29,3.7,14,23.16,Beginner
4fb41dff7c50136976d1a5cf004a42e2,BA,feira de santana,1230.0,3,410.0,4.0,2,24.58,Beginner
0aea4c6ae1505b3228ddf3dd7822ee5b,SP,sorocaba,1427.91,8,178.49,3.88,5,24.09,Beginner
1dcfa3835714681d4ba4a93bc1e0fd41,SP,birigui,1186.6,14,84.76,4.08,10,25.37,Beginner
bc2ac6b95e1accce9858528ee566c17e,SP,campinas,2045.0,22,92.95,4.64,20,29.32,Beginner
7b3447b497e55af8c15fc7bd89d7b81a,SP,sao paulo,49.9,1,49.9,5.0,1,30.05,Beginner
0b35c634521043bf4b47e21547b99ab5,PR,teixeira soares,13235.65,77,171.89,3.53,40,28.78,Beginner
430315b7bb4b6e4b3c978f9dfa9b0558,SP,sao paulo,2864.4,20,143.22,4.0,15,25.75,Beginner
323ce52b5b81df2cd804b017b7f09aa7,SP,sao paulo,2374.3,29,81.87,4.43,26,28.4,Beginner
6288c69c4ce638e59925e59193f98b16,SP,santo andre,4196.8,20,209.84,4.25,17,27.78,Beginner
530ec6109d11eaaf87999465c6afee01,PR,cascavel,12682.11,101,125.57,4.32,85,34.02,Beginner
75d34ebb1bd0bd7dde40dd507b8169c3,BA,salvador,12656.33,67,188.9,3.99,51,31.01,Beginner
a3f0b55de503387383c7b1de3ad7f678,PR,curitiba,4348.4,26,167.25,4.38,21,28.8,Beginner
365e4bce19bda0082c3d15d83fdb8bcd,SP,sao caetano do sul,796.4,7,113.77,4.71,7,28.79,Beginner
52562a9f449c3dc3d53f5f5b9ed74903,RN,parnamirim,3266.6,14,233.33,4.79,14,30.47,Beginner
d650b663c3b5f6fb392b6326366efa9a,SP,cotia,18335.9,57,321.68,4.37,46,35.26,Beginner
8476243f92442881ddd5b578975cf115,RS,campo bom,7838.0,12,653.17,4.08,9,27.98,Beginner
e3dd723429d1b23614b7fa85e2c7a853,SP,sao bernardo do campo,471.05,8,58.88,3.38,5,20.71,Beginner
07d75e33f2750d97d467fb57e4dfdd8a,SP,sao paulo,722.4,2,361.2,2.5,1,15.35,Beginner
9c7fd21e0aa159b20da593371f08ff7c,SP,osasco,798.3,8,99.79,3.38,5,20.84,Beginner
57e632711dec9ec14ca7546769483e7e,SC,navegantes,6439.96,66,97.58,4.42,56,31.08,Beginner
7aa4334be125fcdd2ba64b3180029f14,SP,laranjal paulista,16012.95,237,67.57,4.08,184,38.0,Beginner
bd23da7354813347129d751591d1a6e2,SP,sao paulo,9794.5,88,111.3,4.14,68,31.4,Beginner
d2374cbcbb3ca4ab1086534108cc3ab7,SP,ibitinga,22026.69,646,34.1,3.64,397,50.03,Intermediate
1900267e848ceeba8fa32d80c1a5f5a8,SP,ibitinga,24824.46,526,47.19,3.88,359,48.99,Intermediate
0afccdb8a34ee5c79f7c06faf2b4d56e,MG,uberlandia,1185.6,24,49.4,4.09,19,25.73,Beginner
95e03ca3d4146e4011985981aeb959b9,RJ,rio de janeiro,10964.96,192,57.11,4.01,135,34.21,Beginner
001cca7ae9ae17fb1caed9dfb1094831,ES,cariacica,24487.03,234,104.65,3.97,171,40.63,Intermediate
d3674f271c91f824f82d24d92011f669,DF,brasilia,1718.3,20,85.92,4.1,15,25.89,Beginner
f3295428338a40977a03f555246a70f4,ES,vitoria,644.98,7,92.14,3.57,4,21.89,Beginner
05ff92fedb5be47920fea08e501238b9,RS,santo angelo,21853.98,62,352.48,4.24,45,36.04,Beginner
93b9a99027bd8bd6af682aff18dd19bf,SP,mairipora,1916.0,20,95.8,4.16,16,26.33,Beginner
8090490573c6c0aa343a7231ebcb8c86,SP,sao paulo - sp,3871.12,26,148.89,4.19,20,27.47,Beginner
1ce3ae5a399804d1a87e706f8a813c3e,SC,jaguaruna,2563.0,44,58.25,3.73,27,24.73,Beginner
20d83f3ef0e6925fd74bfd59170babf7,SP,sao paulo,2903.6,54,53.77,4.35,47,28.88,Beginner
2b03ac196f5ed62ac483960fe0fa3b65,SP,sao paulo,843.1,7,120.44,4.14,6,25.39,Beginner
1caf283236cd69af44cbc09a0a1e7d32,RJ,nova iguacu,917.6,37,24.8,4.54,34,28.72,Beginner
1acde099eb406aa220b1169b188b42da,SP,sao paulo,311.1,10,31.11,4.3,8,26.22,Beginner
5f2684dab12e59f83bef73ae57724e45,SP,sao paulo,8870.97,73,121.52,3.75,51,28.24,Beginner
0bf0150d5b9d60d9cd2906003332f085,SP,sao paulo,5774.6,62,93.14,3.71,38,26.43,Beginner
817245bcc3badd82bbd222e0366951a6,SP,bauru,5345.6,44,121.49,4.15,33,28.36,Beginner
b2a6d334e2833acea353624840e25a0e,SP,sao paulo,1650.98,26,63.5,4.5,23,28.44,Beginner
02f5837340d7eb4f653d676c7256523a,PR,curitiba,3883.05,30,129.44,4.83,29,31.43,Beginner
55d3daac7c404d59e51c2aa2f4dc5a23,SP,sao paulo,4480.6,28,160.02,3.93,20,26.21,Beginner
8ca5b19e0263150d2c57afdde2b3d011,SP,maua,180.6,4,45.15,4.75,4,28.69,Beginner
c878515173c84a492ebe50d6b493230b,PR,itaipulandia,1118.84,10,111.88,4.2,8,25.95,Beginner
96804ea39d96eb908e7c3afdb671bb9e,MG,ibia,3530.75,39,90.53,3.97,30,26.4,Beginner
4b5f66b7adcf57f1ecc0d3c07dd6b177,PR,vendas@creditparts.com.br,6381.78,38,167.94,4.08,30,28.17,Beginner
3586b8580d9c917874e053a1bb37b5ff,SP,araraquara,1524.7,43,35.46,4.44,37,28.54,Beginner
99002261c568a84cce14d43fcffb43ea,MT,cuiaba,4088.0,36,113.56,3.72,22,25.04,Beginner
f1198c871e0171278b63f40d112caeec,SP,sao paulo,475.8,2,237.9,4.5,2,27.25,Beginner
55c96925041a14097b6a7825554f4ad5,SP,sao paulo,170.0,6,28.33,4.67,6,28.27,Beginner
81336a0f57a33776419727a300249e90,SP,sao carlos,1351.9,18,75.11,3.83,11,24.06,Beginner
c6381d2d013342748761e906d45aff76,RS,portao,2042.98,28,72.96,3.0,14,19.66,Beginner
2a261b5b644fa05f4f2700eb93544f2c,SP,porto ferreira,5405.0,83,65.12,3.34,50,24.69,Beginner
04aba03279157f6d4e0fe8ccaf21963c,RJ,santo antonio de padua,2416.0,15,161.07,4.53,14,28.6,Beginner
ead2bab70821ea148476ae9bc08548ac,MG,belo horizonte,482.0,10,48.2,4.3,7,26.29,Beginner
41da412d33e8da4f22baf55cb1bde82c,ES,domingos martins,862.9,21,41.09,4.71,20,29.24,Beginner
6c12e40690c335dbc2f68a4134d30dc1,PR,castro,9139.2,18,507.73,4.06,12,28.56,Beginner
ef30892870c278497523264be1be2241,SP,araraquara,783.2,9,87.02,4.56,8,27.94,Beginner
9dd459b29a14bf89d47183cf2cd0e4c7,SP,sao paulo,180.0,2,90.0,5.0,2,30.13,Beginner
28ea411b354f14b1a494be4e79f0ce02,SP,sao paulo,820.0,6,136.67,4.67,6,28.53,Beginner
45d33f715e24d15a6ccf5c17b3a23e3c,SP,sorocaba,4518.49,58,77.91,4.17,43,28.57,Beginner
b410bdd36d5db7a65dcd42b7ead933b8,GO,goiania,7368.9,42,175.45,4.81,41,33.07,Beginner
a9415cf907dfa12f9ed18693244f5329,MG,prados,210.0,2,105.0,5.0,2,30.14,Beginner
52bb00821bcdd358a5a5a27e1f6be5a1,SP,osasco,349.8,2,174.9,4.5,2,27.2,Beginner
b76a1f8356322f12529c37b67d5c96c2,SP,santos,298.5,5,59.7,4.8,5,29.07,Beginner
26af45f5dfd967225a832838aa4e24a3,PR,curitiba,573.1,11,52.1,4.18,9,25.64,Beginner
3785b653b1b82de85ab47dd139938091,PR,ampere,1611.9,25,64.48,4.76,24,29.95,Beginner
42fa4ee7240e9b8eb4576358ec142ba7,RS,caxias do sul,3845.7,22,174.8,4.81,21,31.06,Beginner
455c5640e8c5bd1b2ee85c0158f85727,SC,luiz alves,6729.5,8,841.19,4.5,7,29.93,Beginner
f35b3c613c4f7b2275f4185d0a3c59ec,SP,sao paulo,4047.25,9,449.69,4.56,8,29.25,Beginner
3e8bd881d92466e63ba9e3e809cd3c50,RJ,rio de janeiro,1862.38,9,206.93,4.63,7,28.79,Beginner
901b460cdce0c64e471230d7f2f9f3a3,RS,porto alegre,1904.0,5,380.8,4.4,4,27.31,Beginner
cea729054f157f5870bdd321a958d994,SP,sao paulo,2482.1,26,95.47,4.19,21,26.91,Beginner
4dc646b9b9e8e411ef48ba000ea3ac6f,SP,valinhos,289.7,5,57.94,2.4,2,14.67,Beginner
3c7c4a49ec3c6550809089c6a2ca9370,SP,sao paulo,4102.65,159,25.8,3.72,102,28.73,Beginner
9674754b5a0cb32b638cec001178f799,SP,sao paulo,5025.67,98,51.28,4.08,74,29.43,Beginner
5058e8c1e82653974541e83690655b4a,SP,itaquaquecetuba,9812.83,77,127.44,3.08,33,24.72,Beginner
37515688008a7a40ac93e3b2e4ab203f,SP,dracena,5954.1,239,24.91,4.09,175,34.09,Beginner
d1b65fc7debc3361ea86b5f14c68d2e2,SP,mogi guacu,11413.17,40,285.33,4.65,38,33.67,Beginner
ec933281fb017b5020d06df29c3f77e8,SP,sao paulo,1432.0,8,179.0,5.0,8,30.81,Beginner
2a7dc43cecabf23403078e2188437d1d,SP,sao paulo,4795.91,54,88.81,4.09,43,28.08,Beginner
a17f621c590ea0fab3d5d883e1630ec6,SP,sorocaba,2677.92,78,34.33,4.18,59,28.49,Beginner
6d803cb79cc31c41c4c789a75933b3c7,SP,sao joaquim da barra,8886.3,68,130.68,4.28,56,31.27,Beginner
fde0cc9ea29c8ccfc0a2c22256a58c71,PR,curitiba,3922.0,35,112.06,4.49,31,29.56,Beginner
784ba75dd9d20200c4caed3d7a77141a,SP,sao paulo,8168.32,23,355.14,3.87,18,27.18,Beginner
01ed254b9ff8407dfb9d99ba1e17d923,SP,mogi das cruzes,1465.99,5,293.2,5.0,5,30.74,Beginner
8931a84a914b3fe9b1ddaa4d704947ca,SP,sao paulo,4668.3,32,145.88,3.77,22,25.45,Beginner
bd149ed516d4c5d418d5781f8e18919f,SP,guarulhos,414.0,9,46.0,4.89,9,29.78,Beginner
9d5604a1f112324ad6b2aa552122e0fb,SP,florianopolis,421.5,17,24.79,3.65,12,22.58,Beginner
2a1348e9addc1af5aaa619b1a3679d6b,MG,belo horizonte,2697.4,51,52.89,3.04,25,20.85,Beginner
7ecd59e5e20407131822c1a68ac59c1f,DF,brasilia,1466.71,29,50.58,4.48,26,28.34,Beginner
4371b634e0efc0e22b09b52907d9d469,SP,sao paulo,8168.0,111,73.59,4.44,94,33.24,Beginner
7813ea3ebd9411dc600b4dd01f7a97b9,SP,osasco,1599.4,9,177.71,3.89,6,24.25,Beginner
e64d65bc8dbec2accda90c58de5d1246,SP,rio claro,1678.8,12,139.9,3.08,7,19.51,Beginner
65b081a070633e057c462abdd6fb9dd8,GO,morrinhos,1885.09,20,94.25,4.35,17,27.45,Beginner
903037660cf848a717166eb7a06d616e,SP,sao paulo,7935.18,59,134.49,3.81,38,27.8,Beginner
bd1d49a326abfa9b1036772e40445430,SP,bauru,637.7,13,49.05,3.85,8,23.75,Beginner
d93b8458c6fe139d85cfa5eadbf55bd2,SP,sao paulo,19.9,1,19.9,5.0,1,30.04,Beginner
9853a239ab7b7ebbdc3a21248d5b8e1f,PR,campo largo,242.0,4,60.5,3.75,3,22.72,Beginner
3ade81dab5a172b88e1871c28ae05260,SP,sao jose do rio preto,5383.6,30,179.45,4.24,24,28.49,Beginner
53b0300ca793f9834cd69c0678d35ee8,SP,indaiatuba,1662.15,10,166.22,5.0,10,30.96,Beginner
cc3d14116804f7209f3884f6367f1152,PR,curitiba,5477.8,30,182.59,4.67,29,31.11,Beginner
cfa5ab0e4d3fc212fd0b3410e7081c62,MG,uba,4780.81,20,239.04,3.65,10,24.41,Beginner
91543f9849d68d023e17194926598543,SC,blumenau,834.0,6,139.0,4.33,6,26.49,Beginner
c0098efcf800861dcae589affca31408,SP,ribeirao preto,1189.28,9,132.14,4.78,9,29.43,Beginner
2379bdc3888025689a9deb7b141507d5,SP,mogi mirim,999.5,9,111.06,4.33,8,26.65,Beginner
bdf0d02d36a1d839d0c39c4a887cdd49,SP,birigui,120.0,7,17.14,5.0,7,30.26,Beginner
9cad4b68bb993ee401a3c5aaa2bc26dd,SP,birigui,649.3,7,92.76,3.43,3,21.05,Beginner
fa3a0b5aabb344b9a92e3524b0202123,SP,sao jose dos pinhais,1789.0,7,255.57,4.14,5,25.77,Beginner
5566627eab3fe93fd6ee08798226101a,PR,sao jose dos pinhais,85.5,5,17.1,4.4,4,26.58,Beginner
ad75519a07f039025e83795a4418470f,GO,santa terezinha de goias,302.1,9,33.57,3.22,5,19.71,Beginner
54c04bdb5ec46762f8f08c7e8f86ed4a,SC,florianopolis,3281.66,19,172.72,4.32,17,27.8,Beginner
4e5725ba188db8252977a4f0227bd462,SP,ribeirao preto,1865.09,24,77.71,3.54,15,22.71,Beginner
acadd4d36859671cb635527c6c977533,SP,santa rosa de viterbo,2381.0,12,198.42,4.25,10,26.81,Beginner
966cb4760537b1404caedd472cc610a5,SP,diadema,46528.25,68,684.24,4.12,51,45.37,Intermediate
8ca1551acf9832a4cf467bbbac15851f,PR,campo largo,2176.4,12,181.37,3.67,8,23.25,Beginner
253f95b3a0e6983ae18aed49fbc2b845,SP,sao paulo,799.5,5,159.9,4.4,4,26.87,Beginner
fdb9095204a334cd8872252ffec6f2db,SP,sao paulo,8246.0,62,133.0,4.13,50,29.94,Beginner
33d677f27a69b84051204ee4ae76eaca,SC,joinville,165.0,10,16.5,4.6,9,27.97,Beginner
353e21e8bf8de2722b4fae1636664b76,RS,canoas,208.0,4,52.0,2.5,1,15.2,Beginner
ce69a8021d18961dd2a40269b7c2c293,PR,curitiba,4818.0,19,253.58,4.47,17,29.32,Beginner
4dab98ca6cd6d3df586203cefd28a042,RS,porto alegre,154.9,1,154.9,5.0,1,30.09,Beginner
5d9dc90a686a8fddacffab6bab5653a3,SP,santana de parnaiba,3761.94,12,313.5,4.17,9,26.88,Beginner
7b07b3c7487f0ea825fc6df75abd658b,SP,sao paulo,9259.47,96,96.45,4.4,81,32.98,Beginner
44073f8b7e41514de3b7815dd0237f4f,DF,brasilia,18380.64,151,121.73,3.75,97,34.38,Beginner
1c129092bf23f28a5930387c980c0dfc,SP,sao paulo,9528.62,219,43.51,4.18,169,35.46,Beginner
fa14641f57b655e933124a9ea49cd7a5,SP,sao paulo,359.93,7,51.42,4.57,7,27.77,Beginner
dee656f0f566ed1aa85bd137c943f08f,SP,cruzeiro,6212.08,94,66.09,4.38,81,31.58,Beginner
8bb48dc19fccaa8613b6229bf7f452a2,SP,assis,4215.12,96,43.91,4.34,84,30.61,Beginner
7ea5bfa6c340f58f8e71fc1f0412b0d6,MG,belo horizonte,10838.41,102,106.26,4.14,81,32.24,Beginner
6b243f80ed07b10f0e8aa0f21a205f3c,PR,curitiba,6260.1,89,70.34,4.02,68,29.29,Beginner
5a8e7d5003a1f221f9e1d6e411de7c23,SP,campinas,11042.1,179,61.69,4.19,139,34.93,Beginner
abc015ebac1d283a323ca9db35ede4b9,SP,ribeirao preto,1106.8,13,85.14,4.38,12,27.11,Beginner
33a17d60c64393351ebf1ef860f4e0f2,RS,porto alegre,8152.48,47,173.46,4.62,42,32.39,Beginner
8fe8786ee000001ab51d030dfd4a7bf1,SC,paulo lopes,2255.0,5,451.0,4.6,4,28.65,Beginner
989becdce12ebc39863c2bceab6f3ca1,PR,curitiba,6302.9,15,420.19,4.8,14,31.77,Beginner
236585a4ddb5fea9fa40233e2249ed91,RS,caxias do sul,649.53,11,59.05,4.09,8,25.13,Beginner
ce248b21cb2adc36282ede306b7660e5,SC,jaragua do sul,13640.09,66,206.67,4.26,55,33.0,Beginner
5b8154610ebb21fb90eb587365e673df,SP,sao jose dos campos,9048.05,40,226.2,4.18,33,29.9,Beginner
5cbbd5a299cab112b7bf23862255e43e,PR,pinhais,2726.06,38,71.74,4.32,30,28.15,Beginner
bba74270a87732727b5a3b4fd9ac1c39,MG,betim,5964.6,40,149.11,3.88,27,26.87,Beginner
e5a38146df062edaf55c38afa99e42dc,SP,sao paulo,15421.87,126,122.4,3.98,94,33.83,Beginner
0176f73cc1195f367f7b32db1e5b3aa8,SP,ibitinga,4643.2,38,122.19,4.05,28,27.3,Beginner
8f2ce03f928b567e3d56181ae20ae952,SP,pirituba,21213.2,172,123.33,4.12,137,38.37,Beginner
835f0f7810c76831d6c7d24c7a646d4d,SP,sao paulo,4990.2,48,103.96,3.31,26,23.3,Beginner
cbd996ad3c1b7dc71fd0e5f5df9087e2,SP,sao jose do rio preto,8217.5,189,43.48,4.13,143,33.74,Beginner
cee48807215b30a12ca2ca10ffb5f250,SP,guaruja,7212.23,40,180.31,3.7,26,26.28,Beginner
f0837c8d71434931d9e38e7b79234797,RS,arvorezinha,4596.9,24,191.54,4.63,21,30.34,Beginner
cd843d4cf8ef32827de0396605163ba3,MG,juiz de fora,1915.0,5,383.0,3.8,4,23.72,Beginner
562f8cfc51f265411f487d07e9c40e7f,MG,belo horizonte,766.92,13,58.99,4.54,12,27.94,Beginner
1b8b75e227c9a9c100d0c210fb6176ce,SP,sao paulo,1444.87,15,96.32,3.93,11,24.61,Beginner
e1b12447a7563944843191754aeb5562,SP,guarulhos,472.46,10,47.25,4.5,9,27.49,Beginner
157c3e4b42f81ac4a44e8b1ca2fe9876,SP,sao paulo,2548.5,31,82.21,3.97,21,25.77,Beginner
082e0bf4cb865a6533b1e8e498cc0255,SP,botucatu,2073.3,23,90.14,3.3,11,21.32,Beginner
78744a20ee2f80ba64f6804c25def2b8,PE,recife,2715.0,6,452.5,4.17,5,26.29,Beginner
5ee7fd217d08dfe5d3e2f51f96a12c9a,SP,vargem grande do sul,1165.5,9,129.5,3.44,5,21.38,Beginner
4e85b538b0dad58852641540686d0e14,SP,sao jose dos campos,361.98,4,90.49,3.75,2,22.76,Beginner
52092ddbd3a58c450a4459bf051b2287,SP,dois corregos,351.7,6,58.62,4.33,5,26.3,Beginner
f63d8f293af3a6454377546bd9dd19ff,SP,votorantim,1751.82,28,62.57,3.82,20,24.46,Beginner
ec4608a1f76453166bb312b2968aeaf4,SP,porto ferreira,968.81,29,33.41,3.03,12,19.44,Beginner
10076e5788b8ee532724bcd460baf762,SP,batatais,821.48,26,31.6,4.62,24,28.83,Beginner
2ef086a599b597572aca4433b7ed6b3d,SC,jaragua do sul,49.0,1,49.0,5.0,1,30.05,Beginner
2b1a40c1daabc6ca280c4b815c101841,MG,divinopolis,12342.6,33,374.02,3.79,20,28.67,Beginner
01bcc9d254a0143f0ce9791b960b2a47,GO,uruacu,1393.21,10,139.32,4.4,9,27.26,Beginner
c03121937e54a93fcc1825c3098bbb6e,PR,curitiba,1043.0,7,149.0,5.0,7,30.63,Beginner
4e6015589b781adaa5ce7f1892d06bb1,SP,guaruja,684.0,3,228.0,3.67,2,22.38,Beginner
47efca563408aae19bb7206c2d969ea9,PI,teresina,2383.0,11,216.64,4.36,10,27.44,Beginner
412a4720f3e9431b4afa1476a1acddbe,SP,campinas,2058.1,22,93.55,4.27,19,27.1,Beginner
1354d51653f645349064725ed204e85e,SP,sao paulo,2570.0,21,122.38,3.71,13,23.92,Beginner
ff82e8873fba613f2261a9acc896fd84,MG,itabira,124.6,4,31.15,3.5,2,21.17,Beginner
17998cf586426bf0f2c3726cb0a4b211,MG,belo horizonte,69.8,2,34.9,4.0,1,24.09,Beginner
4b0fdb526525f9890eb145bf1534640e,SP,ibitinga,2419.0,20,120.95,3.95,14,25.27,Beginner
4978a02ea9c8be7a9b5480680f40334e,SP,sao paulo,2356.61,19,124.03,3.58,13,22.99,Beginner
feb793c88d836c3a75efa4b5a3465d70,SP,sao paulo,466.0,1,466.0,5.0,1,30.22,Beginner
e88f7a2995ba184710d339c5c4bf2e30,SP,votuporanga,251.6,2,125.8,5.0,2,30.16,Beginner
6c6e3d67f969468f3bfd33f827a31222,PR,maringa,224.0,6,37.33,4.83,6,29.25,Beginner
c4d51195486dc781531876a7d00453d8,SP,presidente prudente,11468.98,17,674.65,3.94,10,28.74,Beginner
7a67c85e85bb2ce8582c35f2203ad736,SP,sao paulo,140238.65,1159,121.0,4.27,940,116.49,Elite
fe2032dab1a61af8794248c8196565c9,SP,campinas,65689.71,305,215.38,4.4,259,61.83,Advanced
43f8c9950d11ecd03a0304a49e010da6,SP,carapicuiba,4249.59,41,103.65,4.56,35,30.29,Beginner
b2ba3715d723d245138f291a6fe42594,SP,sao paulo,49302.18,350,140.86,4.2,279,55.42,Intermediate
850f4f8af5ea87287ac68de36e29107f,SP,sao paulo,45285.37,191,237.1,4.29,155,49.58,Intermediate
0c8380b62e38e8a1e6adbeba7eb9688c,MG,tres coracoes,17438.79,220,79.27,4.07,163,38.0,Beginner
04308b1ee57b6625f47df1d56f00eedf,SC,bombinhas,58991.8,92,641.22,3.95,68,50.06,Intermediate
f5a590cf36251cf1162ea35bef76fe84,SP,sao bernardo do campo,51232.78,118,434.18,4.28,98,49.71,Intermediate
17ca9b9e9b9ef8fdb529001b49ebb50f,MG,betim,9719.83,129,75.35,4.04,94,32.0,Beginner
014d9a685fd57276679edd00e07089e5,PR,maringa,729.88,12,60.82,3.83,8,23.63,Beginner
dd7ddc04e1b6c2c614352b383efe2d36,SP,sao paulo,9148.61,142,64.43,3.78,97,30.6,Beginner
6989574bd97d9773f10d232b6c07da59,PR,curitiba,2478.4,7,354.06,4.86,7,30.36,Beginner
a3e9a2c700480d9bb01fba070ba80a0e,SP,ibitinga,13740.8,147,93.47,4.02,114,34.03,Beginner
d3f39f05462b79a4562d35893a28f159,SP,mococa,2363.4,37,63.88,3.32,21,21.98,Beginner
a513150f33f99a06569e9cd5c4bb889b,SP,sao paulo,805.65,3,268.55,4.33,3,26.39,Beginner
709e16e2b25c7474d980076c6bfc4806,SP,birigui,5151.9,80,64.4,4.53,70,31.64,Beginner
96493fab2fbb13a14d0c0e8772eef5c3,SP,sao paulo,18969.0,64,296.39,4.03,46,33.69,Beginner
f97e2b0650c2068227e1d366140eb62f,SP,santo antonio de posse,3654.0,21,174.0,3.65,13,23.99,Beginner
23613d49c3ac2bd302259e55c06c050c,SP,porto ferreira,4193.1,79,53.08,3.69,50,26.19,Beginner
0d83f8e03188682112cc0d93523705cc,RS,porto alegre,696.26,8,87.03,2.75,4,17.02,Beginner
3ea00e1dea2b0659dbaf654735929220,PR,curitiba,505.0,7,72.14,4.86,7,29.57,Beginner
d1c281d3ae149232351cd8c8cc885f0d,SP,ibitinga,27444.52,248,110.66,3.83,175,41.4,Intermediate
afa6714acee029b2dfdf357e5579cc03,SP,descalvado,3220.76,17,189.46,4.06,13,26.16,Beginner
0cbcee27c791afa0cdcb08587a2013a8,MG,tres coracoes,5054.15,39,129.59,4.0,26,27.19,Beginner
8e8a7ce9f2f970dc00e2acf6f6e199f6,RJ,sao goncalo,8956.0,65,137.78,3.98,48,29.41,Beginner
da2782c804606d2a5d8e1760dbb3e7ec,SP,sao paulo,89.0,1,89.0,1.0,0,6.07,Beginner
7cb946b1ad19faebe28c3e86c2794ec3,MG,sete lagoas,25.0,1,25.0,5.0,1,30.04,Beginner
e333046ce6517bd8bb510291d44f0130,SP,ipaussu,7268.0,74,98.22,4.39,63,31.47,Beginner
381c83fdca332ea6afd896da20bf6e4a,PR,curitiba,7355.8,46,159.91,4.39,42,30.66,Beginner
6ec1a01e866584bb679eb9b098345919,SP,santos,3998.91,31,129.0,4.24,23,27.97,Beginner
0ed6ce5d87fd9c69eaacaeb778d67235,SP,americana,2026.52,42,48.25,4.39,34,28.41,Beginner
5236605f4d4b0b3e4df85b850393fca0,SP,sao paulo,265.3,5,53.06,4.8,5,29.06,Beginner
1eade46fba20122dc4aefb379f8c636b,SP,sao paulo,3635.37,75,48.47,4.31,63,29.56,Beginner
38af8acfd46ac4a7bf754e8ca6736664,SP,sao paulo,345.0,5,69.0,4.8,5,29.09,Beginner
ec21206b7894c503788a684a7bc822a6,RJ,armacao dos buzios,75.0,1,75.0,3.0,0,18.06,Beginner
6b536a23086fba0d58c08d68814397f6,RJ,niteroi,1996.8,22,90.76,4.05,18,25.76,Beginner
38e679b9e0064cd94c6f035707344dae,PR,londrina,3644.15,28,130.15,4.15,22,27.2,Beginner
081acf3de680d554796c9cf041be7bc2,MG,vespasiano,1597.3,8,199.66,4.13,6,25.66,Beginner
ceaec5548eefc6e23e6607c5435102e7,SP,sao paulo,51478.18,206,249.89,4.2,164,51.97,Intermediate
42ef3192a9ff87a22d1867b74b3ee205,SP,santo andre,1354.09,23,58.87,4.65,21,29.13,Beginner
b87a7ea0c30fad2dd6781b74a0064859,SP,sao paulo,515.4,9,57.27,3.44,6,21.12,Beginner
e882b2a25a10b9c057cc49695f222c19,RJ,teresopolis,52774.27,60,879.57,4.6,56,50.51,Intermediate
ff1fb4c404b2efe68b03350a8dc24122,SP,mogi das cruzes,6771.0,49,138.18,4.06,37,28.54,Beginner
714b9a1332840f257b49f476bea4e341,SP,monte alto,1499.94,6,249.99,3.33,3,20.76,Beginner
747c1cdcd1737dcfbd1547f6eb6f2cf3,SP,ibitinga,193.1,2,96.55,2.5,1,15.14,Beginner
d180e07dc1e58c31c3f0cd599dc4d945,MG,belo horizonte,58.8,1,58.8,3.0,0,18.05,Beginner
866558b3bccef2dbc6d29a2b5995016f,PR,arapongas,1519.4,6,253.23,4.67,6,28.81,Beginner
e4ebd3f87bf70440014f07ddda7fbe03,SP,presidente epitacio,671.5,7,95.93,4.57,7,27.9,Beginner
23a0ffca143a15b9b5bbdb7d552f626a,SP,sao pedro,3718.51,24,154.94,3.96,17,25.97,Beginner
9198786624eaeb375793215cad26cfa6,SC,rodeio,854.4,9,94.93,4.11,7,25.27,Beginner
ca7c6bd577e559472af1c699de9e764e,SP,sao bernardo do campo,148.0,8,18.5,4.0,6,24.3,Beginner
b566ab0ef88016e00422755e305103c6,MG,extrema,1208.0,5,241.6,3.2,2,19.83,Beginner
71592660bbcb6a4664e97b6f8b68babc,SP,sao jose do rio preto,2027.18,7,289.6,4.43,6,27.6,Beginner
4c18691b6037662be2df78a765d98ab5,SP,sao paulo,3195.52,67,47.69,3.84,47,26.33,Beginner
9906e7aa42a3c067b7c9a564d01c4320,PR,maringa,2619.0,16,163.69,4.06,12,25.89,Beginner
d25aa0aaacb370e912f8cf6efeba38b3,SC,massaranduba,2658.45,21,126.59,4.52,19,28.81,Beginner
d8d9567d0bfb0bc7eb845a205ba42657,SP,sao paulo,74.6,4,18.65,3.5,2,21.15,Beginner
1025f0e2d44d7041d6cf58b6550e0bfa,SP,sao paulo,139720.16,1434,97.43,3.87,1016,122.13,Elite
855668e0971d4dfd7bef1b6a4133b41b,SP,itatiba,30899.22,313,98.72,3.84,213,44.79,Intermediate
0241d4d5d36f10f80c644447315af0bd,PR,curitiba,31561.5,249,126.75,4.28,205,45.77,Intermediate
53e4c6e0f4312d4d2107a8c9cddf45cd,SP,pedreira,29750.37,515,57.77,4.09,387,51.89,Intermediate
c500367424994318b9e779ff1ae9a330,SP,paulinia,4346.4,9,482.93,3.78,6,24.69,Beginner
955fee9216a65b617aa5c0531780ce60,SP,sao paulo,131906.71,1474,89.49,4.09,1125,121.52,Elite
2a7c6c0b0d5efde2bf75ec1e1cec2d41,PR,maringa,147.6,3,49.2,3.33,2,20.13,Beginner
0bfd0b434243adc5c2e1aa6baf19c6aa,RJ,rio de janeiro,371.2,6,61.87,3.67,5,22.35,Beginner
72bc2cce903c872fe376a8faaa81d237,SP,sao paulo,2149.2,18,119.4,4.44,16,28.04,Beginner
9b00ed88b7fdb95d6ff76e27c1b52d16,SP,sao paulo,1567.88,50,31.36,4.58,45,29.61,Beginner
0adac9fbd9a2b63cccaac4f8756c1ca8,SP,louveira,15566.5,135,115.31,4.01,94,34.34,Beginner
4bf2f4ee540798a61f9636d12cd9cc80,SP,assis,4995.56,30,166.52,4.17,24,27.92,Beginner
d05ae8f7a5bd1d2a690a44cd079e4e27,RJ,rio de janeiro,13244.0,80,165.55,3.82,59,30.62,Beginner
440dd6ab244315c632130ecfb63827b1,SP,votuporanga,13089.0,92,142.27,3.89,64,31.34,Beginner
36a968b544695394e4e9d7572688598f,SP,santos,6999.37,157,44.58,3.73,105,29.89,Beginner
244c2f1bff6afe1f2eaf9bfe9b2aed38,SP,mogi das cruzes,2877.0,30,95.9,3.7,20,24.25,Beginner
d51e0a403fe2e689ece6c73359d96e12,SP,pompeia,7380.0,25,295.2,4.32,20,29.62,Beginner
76833248bbc0e65a0293ec62023e4396,SP,birigui,2399.98,2,1199.99,5.0,2,31.02,Beginner
a08692680c77d30a0b4280da5df01c5a,SP,sao paulo,2433.0,17,143.12,5.0,17,31.48,Beginner
5b67882648febfb6e1225e6ad7164f6b,PR,umuarama,6813.48,30,227.12,4.03,21,27.81,Beginner
184a67a8f9f63234d3a92340bbdb727f,SC,joinville,268.66,11,24.42,3.82,6,23.36,Beginner
5d3bb11474a06bdc23fb9e89f1164ee0,SP,assis,3654.6,32,114.21,3.94,23,26.06,Beginner
2063dd1b9f568df1c16741ea7d3e6adb,PR,guarapuava,763.1,3,254.37,5.0,3,30.4,Beginner
b8630e1121437d41cb08e3c749c2c2e2,RJ,duque de caxias,6988.0,12,582.33,4.33,10,29.14,Beginner
41ab63a91b8b264e8c8780368bf1dd5b,MG,belo horizonte,2571.95,13,197.84,4.23,11,26.8,Beginner
c990d6cf976a5718aaedc539f383ab88,SP,paulinia,183.1,9,20.34,3.44,5,20.98,Beginner
373ee4a3a775a733770ca3f790b8b9ac,RJ,rio de janeiro,2183.07,23,94.92,4.0,18,25.56,Beginner
13c2ed7698b3ca92dad49e849219da59,PR,ponta grossa,498.61,9,55.4,4.44,8,27.11,Beginner
b5f49fe968dff6b112861e6cd8e192ef,PR,curitiba,194.7,2,97.35,5.0,2,30.14,Beginner
4c61e37f664c3c88aff092aa5ac779d7,RJ,niteroi,788.31,8,98.54,4.0,5,24.56,Beginner
d06d019f72a04e5497a0b64190af170c,SP,cotia,2415.93,17,142.11,4.53,16,28.66,Beginner
83a75eea11694e36e56dd0cb2240229a,SP,amparo,487.0,3,162.33,5.0,3,30.28,Beginner
0a82f5fb06a4fe4ac2cf7cb412ec71b8,SP,sao paulo,462.0,2,231.0,5.0,2,30.24,Beginner
276677b5d08786d5dce7c2149dcce48b,MG,belo horizonte,3424.2,45,76.09,3.89,33,26.06,Beginner
1ca4bdb0cd7fc48e949bac066188ed26,MG,cataguases,1140.0,3,380.0,5.0,3,30.55,Beginner
33c51922b6e3c16b24a8f28e5833c99d,PR,londrina,6657.87,20,332.89,4.28,15,28.94,Beginner
97512d3fc193b2d1dfcdba0f9d1f0f8a,SP,sao paulo,1458.87,13,112.22,4.31,11,26.83,Beginner
f783a638e9c6af4a7d0dbfde811e7a81,SP,sao paulo,849.8,5,169.96,4.0,4,24.49,Beginner
05aebce0b5c8f0d41b29b686f2d05fd3,SP,sao paulo,74.99,2,37.5,5.0,2,30.09,Beginner
034b9387752bfa309f350a70cd45ffa3,SC,blumenau,96.0,8,12.0,4.5,8,27.28,Beginner
3e35a8bb43569389d3cebef0ce820f69,SP,sao paulo,55.8,2,27.9,5.0,2,30.08,Beginner
411f3b52d857390502ee4e4d5ceabc2d,SP,ribeirao pires,1804.01,30,60.13,4.26,24,27.18,Beginner
340636a908b13bbe0f4fb63fbe1d0c03,SP,sao jose dos campos,490.5,3,163.5,5.0,3,30.29,Beginner
e250d617a0ad591ba9bd663e584a895d,SP,guarulhos,904.12,20,45.21,2.8,8,17.76,Beginner
6ba4733aa33f6386e9fb0c0fd3993b38,RS,torres,149.79,3,49.93,4.67,3,28.17,Beginner
138dbe45fc62f1e244378131a6801526,SP,sao paulo,1125.56,58,19.41,3.98,40,26.07,Beginner
3fac58ce0ad699020c7944d53c41329c,SP,sao paulo,1244.95,16,77.81,4.56,15,28.34,Beginner
b4f8921fcc4ff77b66bea6dda43dcd51,RS,caxias do sul,11395.05,20,569.75,4.6,18,32.76,Beginner
87e24fc7052259b1f7f607d61c10d8be,SP,sao paulo,7073.59,7,1010.51,3.86,5,26.2,Beginner
e0b162a693bc7f9eab00f783a31d60ea,RS,pelotas,20.0,1,20.0,5.0,1,30.04,Beginner
3dc69bf2c42f0568a5c4791ec3fd3745,SP,sao paulo,150.0,1,150.0,3.0,0,18.09,Beginner
34f563c82a85b99ae9e6d60db5fc2e28,RS,campo bom,2332.3,8,291.54,4.63,8,28.95,Beginner
da7039f29f90ce5b4846ffc0fcc93beb,SP,santo andre,1259.1,18,69.95,4.56,16,28.4,Beginner
c5f7e746b7e6d07def6c0dae9903279b,PR,curitiba,1429.0,11,129.91,4.45,9,27.6,Beginner
e2c92f9c1c7746d899d18f2e158bbff7,SP,sao jose do rio preto,1641.9,12,136.83,4.58,12,28.5,Beginner
74636e24f01da9268b0ed88dacd8513e,SP,sao paulo,776.0,4,194.0,4.0,3,24.43,Beginner
e504a4e2efaa45cbff7e268a2c58c956,SP,sao pedro,1088.9,11,98.99,3.91,8,24.23,Beginner
c33847515fa6305ce6feb1e818569f13,SC,brusque,15519.85,128,121.25,3.72,85,32.37,Beginner
a20d8058c866dbaeca014d2cd20ac62e,SP,sao jose dos campos,1194.0,2,597.0,5.0,2,30.54,Beginner
f3862c2188522d89860c38a3ea8b550d,SP,ribeirao preto,15.5,1,15.5,5.0,1,30.04,Beginner
5dc203c7b84a0e71e878a179de05fb9a,SP,pompeia,421.9,5,84.38,4.0,4,24.32,Beginner
e439f7176d763f92de325271111b2fd5,SC,joinville,1320.9,6,220.15,5.0,6,30.71,Beginner
9140bd1d9de28b197dce077bdd687438,SP,amparo,1258.87,8,157.36,4.13,7,25.52,Beginner
cc5a78bbad32776dc4e3af205218368c,MG,divinopolis,4269.18,38,112.35,4.47,33,29.67,Beginner
7f5e4d5efad7e44b91115dd1decb65f3,SP,jacarei / sao paulo,179.9,9,19.99,5.0,9,30.34,Beginner
5db42a6cd9bf1bf0d3aab9582767f168,ES,vitoria,200.0,1,200.0,5.0,1,30.11,Beginner
ae45df84722b1d15c5f32b23a095746c,SP,sao paulo,901.83,12,75.15,4.83,12,29.7,Beginner
be3b4b0f050a6aa1b2d901c4b77e979f,PR,imbituva,578.2,8,72.27,2.75,2,16.97,Beginner
039b29ff3b3473435d0cd59040575de9,SP,ribeirao pires,114.9,9,12.77,4.44,7,26.96,Beginner
51702dc2a3e106c76dbff722b5bf0726,SP,conchal,2705.1,14,193.22,4.36,12,27.66,Beginner
1710c3aaa9c6b44ec3883ee0fe300e21,SP,sao caetano do sul,1188.9,2,594.45,5.0,2,30.54,Beginner
d2df77822373f19934e87694d8640767,PR,arapongas,155.9,2,77.95,3.0,1,18.12,Beginner
e601b04acf48b4576e73ddca9481f0dc,SP,sao paulo,491.94,16,30.75,3.88,12,23.96,Beginner
d8cf3b6a2151949f930d0252b180ec42,PR,mandaguacu,623.7,19,32.83,3.0,10,18.82,Beginner
2ea0861cc19e94cad86438c984c52da4,SP,sao paulo,165.6,6,27.6,3.33,3,20.23,Beginner
efff9341f3f8f5237b44ff67ed36a7bf,ES,vitoria,872.99,5,174.6,4.4,4,26.9,Beginner
5bc24d989e71e93c33e50a7782431b0e,MG,campo do meio,3148.0,17,185.18,4.35,15,27.87,Beginner
fe87f472055fbcf1d7e691c00b1560dc,SP,campinas,1085.8,6,180.97,4.5,5,27.61,Beginner
2c9005d8043aff18b8557ffb7b13cda4,ES,cachoeiro de itapemirim,109.9,1,109.9,5.0,1,30.07,Beginner
119c7f1a00ef43fad0e57604e76a747c,SP,sao paulo,189.8,2,94.9,4.5,2,27.14,Beginner
b1204cfda1d4948679db3cfc0d3cb95c,SP,guarulhos,411.2,6,68.53,4.33,5,26.32,Beginner
82cb9f452fe8334df74b22d37824b431,RS,caxias do sul,838.2,18,46.57,4.72,18,29.2,Beginner
cad10cc982ab6a391570c211b995c17c,SP,avare,47.4,1,47.4,5.0,1,30.05,Beginner
c394e193cda3b4225ff2094d32184849,SP,sao paulo,3134.89,11,284.99,5.0,11,31.58,Beginner
6ebf4eceee4dd9847201c82e77ef8123,RJ,rio de janeiro,59.9,1,59.9,5.0,1,30.05,Beginner
33fd411ed63a7c2f9005e3f065d9f85d,RS,condor,24.9,1,24.9,4.0,1,24.04,Beginner
1690cada046eb7e92c12f98b1f8a8167,SP,sao paulo,1760.0,10,176.0,4.9,10,30.4,Beginner
bbe87dce25ba8b38bb61cc7210a3f10b,SP,sao joao da boa vista,287.0,2,143.5,5.0,2,30.17,Beginner
89f69225956f951295ca4c7fb1266553,RJ,vassouras,1041.3,12,86.77,4.33,10,26.76,Beginner
165b1235e9e9942cb5fae67103576fb0,SP,ribeirao preto,2085.15,16,130.32,4.31,13,27.17,Beginner
c8025364abeecb115431bf95c11a747f,RS,porto alegre,928.0,2,464.0,4.5,2,27.43,Beginner
d9bd94811c3338dceb4181f3dbc0c73e,SP,sao paulo,6911.02,61,113.3,4.82,59,33.51,Beginner
c240c4061717ac1806ae6ee72be3533b,RJ,rio de janeiro,59.9,1,59.9,4.0,1,24.05,Beginner
01cf7e3d21494c41fb86034f2e714fa1,PR,francisco beltrao,9439.56,65,145.22,4.19,52,30.87,Beginner
07e8e8fc5222bb358e6f259da3197074,SP,sao paulo,51.8,2,25.9,4.0,1,24.08,Beginner
8629a7efec1aab257e58cda559f03ba7,GO,goiania,45.22,1,45.22,1.0,0,6.05,Beginner
8daab2245ebdc277c51098d01c5ad8ef,SP,sao paulo,1604.59,16,100.29,4.63,15,28.9,Beginner
b29d3380981c51df13fc6fbe87e1763d,SP,ribeirao preto,435.3,7,62.19,4.0,6,24.38,Beginner
730937bf88cb151eb2eb849f642fc213,SP,rio claro,2821.2,26,108.51,4.42,24,28.43,Beginner
23c38debaffe4a25a30fdbd9b586a13f,SP,votorantim,5382.18,46,117.0,4.3,37,29.33,Beginner
7b7f91e98f8c6def45a1407923304402,SP,osasco,417.47,14,29.82,3.5,9,21.59,Beginner
c510bc1718f0f2961eaa42a23330681a,SP,indaiatuba,10141.0,12,845.08,4.25,10,29.92,Beginner
13511db12ac61e2f89c53b72a944a60b,RS,caxias do sul,798.0,6,133.0,3.5,4,21.5,Beginner
830379336fad8c6f3b15a4a3ddb5c66e,SP,sao paulo,268.0,4,67.0,4.5,4,27.23,Beginner
397c4d0c005b6f41f90098ac724e28cb,SP,santo andre,8177.0,5,1635.4,4.4,5,29.82,Beginner
bdae679a9b282249bc23b9b69dae9a99,DF,brasilia,663.15,12,55.26,3.5,8,21.63,Beginner
0cab2da43793a6f3c5ed8514c5f54627,PR,curitiba,309.7,3,103.23,5.0,3,30.21,Beginner
eb72802c83dc7547529c9546d1a9b8ef,SP,rio claro,1063.92,8,132.99,4.63,7,28.45,Beginner
ec5c1d94df153d473b37f880977ae58e,SP,rio de janeiro,199.67,3,66.56,1.67,0,10.19,Beginner
ea3ebea5317b0efbc663ecc8ce5e9bc2,SC,florianopolis,299.7,3,99.9,4.0,2,24.21,Beginner
0e72c1a751b496722a6cb1f10653b62a,SP,sao paulo,140.8,3,46.93,4.67,3,28.17,Beginner
d85efbc8eff2b7adf524e2820569adc8,SP,sao paulo,55.0,1,55.0,5.0,1,30.05,Beginner
f682e0f848abafc6f41e0d4e868c66ef,SP,mairipora,269.98,2,134.99,3.5,1,21.17,Beginner
6eb94e1466490d327a09abf8f3552a50,SP,jundiai,1372.95,9,152.55,4.75,8,29.32,Beginner
0873d9f8f36123f8d910f4760e788cfb,SP,barueri,7265.59,6,1210.93,3.17,3,22.11,Beginner
7ade73f1b9b4e965f9009a4c3a7e2c15,SP,bauru,1835.3,27,67.97,4.78,25,30.22,Beginner
25debeafbce801fdd479539350185eee,SP,igaracu do tiete,237.85,6,39.64,2.67,3,16.3,Beginner
c4f7fee5b0db50e87766f5a4d1b1b758,SP,sorocaba,2762.03,5,552.41,4.0,4,25.25,Beginner
b43d8b707f887a30f4675391098354a0,SP,ipira,1342.0,4,335.5,2.5,1,15.66,Beginner
15fa791d5e017f66402dc28c44480657,SP,sao paulo,1802.0,8,225.25,4.25,7,26.46,Beginner
0f7eea709efdf942b5f95c7516dbacd7,SP,pedrinhas paulista,195.74,3,65.25,4.0,2,24.17,Beginner
2fa13c8bd5705d279f7ed5cc9ec61c68,SP,sao paulo,87.4,4,21.85,5.0,4,30.15,Beginner
f3975e8a41157005d4bcbb358678cd9b,SC,pinhalzinho,178.8,2,89.4,5.0,2,30.13,Beginner
8060d731897e33b5c5ae575ce1e209e1,SP,blumenau,199.5,5,39.9,4.8,5,29.03,Beginner
8dfbc5ff27df12f6cef751d3b9554222,PR,curitiba,226.0,4,56.5,4.5,3,27.21,Beginner
7494d0dcba8551df6cf37f1b905dc2f7,SP,santos,45.9,1,45.9,3.0,0,18.05,Beginner
7816cd9c5b1238e320545f5bf7eb80e8,SP,araraquara,489.0,1,489.0,4.0,1,24.23,Beginner
35b96509602ec4b7da831b5cd73ff2c2,RS,sao leopoldo,558.9,2,279.45,4.5,2,27.28,Beginner
2aafae69bf4c41fbd94053d9413e87ee,RS,porto alegre,94.0,2,47.0,4.5,2,27.1,Beginner
a7a9b880c49781da66651ccf4ba9ac38,SP,itirapina,307.6,4,76.9,3.75,3,22.74,Beginner
aa2640d851ec322526f1295bbeb20092,SP,sao paulo,159.98,2,79.99,3.0,0,18.12,Beginner
a478c7961d6a992065b24e63b366f90b,SC,blumenau,1281.5,9,142.39,4.89,9,30.12,Beginner
876182d1918783bbe15233febfbd4926,SP,sao paulo,120.27,3,40.09,4.0,2,24.14,Beginner
533d46c1b06970e99f09523a61df4972,SP,itapetininga,159.98,2,79.99,4.5,2,27.12,Beginner
48e5ee06fb2dc74df1c711a9b6dfac2a,MG,oliveira,57.0,3,19.0,5.0,3,30.11,Beginner
a7c88262832dfc683781d6a421edefae,SP,mogi das cruzes,1520.0,5,304.0,4.2,4,25.96,Beginner
f7c31656c19db6275a8acadca289f426,SP,ibitinga,61.56,1,61.56,3.0,0,18.05,Beginner
d7485b33791774c36108f8c69602d48d,PR,curitiba,399.82,10,39.98,3.7,6,22.66,Beginner
8f580d36c1e9d6fbce95283403c7d447,SP,ribeirao preto,4813.25,8,601.66,4.38,7,28.45,Beginner
de0c78824586e9a5f5f04fd84e25df39,SP,vargem grande paulista,2489.3,16,155.58,4.44,14,28.12,Beginner
41e0fa5761c886a630994a55c12087e7,SP,guaruja,423.6,5,84.72,5.0,5,30.32,Beginner
30a81d8cf85fb2ada1b1b094c9583a95,SP,sao paulo,1245.42,20,62.27,4.85,20,30.2,Beginner
392353362d22cc2c236e1ee81ff19890,SC,blumenau,288.7,10,28.87,4.6,8,28.02,Beginner
fc908879b9ca1bd65419e54e50432d38,SP,sao paulo,119.2,4,29.8,5.0,4,30.17,Beginner
e1c76f339ebd5460999f25a2aa8c92c5,SP,sao paulo,899.9,1,899.9,5.0,1,30.39,Beginner
1c40343cc5d18c2d8248ac2f3366de34,SP,limeira,2461.41,22,111.88,4.55,18,28.94,Beginner
9a1aea68d3efa00862ec88c0768037d0,SP,catanduva,1309.2,8,163.65,4.38,8,27.04,Beginner
1996942dc085d7773ba77a529b163cd0,SP,pradopolis,2383.52,9,264.84,4.22,8,26.54,Beginner
845e8036c3f7bf62099352f5ed910240,RJ,rio de janeiro,1584.6,24,66.03,3.83,18,24.33,Beginner
a4bd6e9adf39b63f43dc545d3ca1f53d,RJ,rio de janeiro,1848.59,5,369.72,4.6,4,28.49,Beginner
c32fc744b9160ac853450488e3cfea93,SP,ribeirao preto,65.8,2,32.9,3.0,1,18.09,Beginner
da6a60cc8cc724fe51be021ff8be779c,RJ,sao pedro da aldeia,728.79,13,56.06,4.77,13,29.3,Beginner
324583d68897f5ddbaf38f6248322176,SP,sao jose do rio preto,84.0,3,28.0,1.0,0,6.12,Beginner
c1f12f926d0ba950578b4fa41115cbb6,SP,sao paulo,479.6,4,119.9,4.5,3,27.31,Beginner
7bb8fac2913a6064ec412e583c6d8b4d,SP,bauru,109.0,1,109.0,5.0,1,30.07,Beginner
5795aebfe331fbcd02a2c4b679fb7952,SC,palhoca,1280.0,6,213.33,3.83,4,23.67,Beginner
4ce8b55b4bfa4659184e7becc1fba3f2,PR,fazenda rio grande,199.0,2,99.5,3.0,1,18.14,Beginner
e70053bf73d1b5863932e53a9fa47496,SP,sao paulo,4025.0,7,575.0,4.29,6,27.56,Beginner
80f2cf9abf6b5a0e5c612b5eea6646e6,SP,sao jose do rio preto,654.08,6,109.01,5.0,6,30.44,Beginner
b8a0adc91af209270c2c725168eb00fd,SP,ibitinga,281.4,6,46.9,4.0,4,24.29,Beginner
85044848b1b767db2a4a58526adef4b4,SP,osasco,240.6,4,60.15,3.25,3,19.72,Beginner
dc120d932ddf9d4dfb6fd68beefda622,PR,sao jose dos pinhais,130.0,1,130.0,1.0,0,6.08,Beginner
74871d19219c7d518d0090283e03c137,SP,sao paulo,550.04,7,78.58,5.0,7,30.43,Beginner
74bafed391319577bce6f4d2acc0589a,SP,sao paulo,1847.0,3,615.67,2.67,1,16.85,Beginner
5741dc2bf5044c34d0698681c5081bed,SP,sao jose dos campos,89.7,3,29.9,5.0,3,30.13,Beginner
1f7fd2a6fcd5a6fa5d8a4dabc72aaae0,RS,venancio aires,531.8,3,177.27,5.0,3,30.3,Beginner
c963a25b8671419c6ce9eebe8fd03218,RJ,angra dos reis rj,49.0,1,49.0,5.0,1,30.05,Beginner
9c3c24eca51c52b91c1de727d2a2ae06,RS,caxias do sul,307.5,6,51.25,4.5,6,27.3,Beginner
b274baf5bbd142410eb2958cf685d684,RS,montenegro,585.9,7,83.7,4.29,5,26.18,Beginner
fac35d150712afb921ec59ac5f39bb11,MG,bonfinopolis de minas,696.0,6,116.0,4.17,4,25.48,Beginner
3a3c180dd702a725bd0ba4117689239e,PR,uniao da vitoria,41.9,1,41.9,4.0,1,24.05,Beginner
5c853bb56f70f4d14218944bae111d7a,SP,cotia,263.13,24,10.96,4.04,19,25.07,Beginner
a218df5c097b0ca409cfaac1488cc7f6,SP,araraquara,130.69,4,32.67,2.75,1,16.67,Beginner
c9e5ad1f6647f5dbd1172adf6ae3cada,RS,porto alegre,259.03,4,64.76,4.75,4,28.72,Beginner
0f0c984a4a955310903b6b6008660bad,SP,franca,369.81,4,92.45,3.75,3,22.77,Beginner
d7827b2af99326a03b0ed9c7a24db0d3,SP,londrina,1455.0,1,1455.0,5.0,1,30.61,Beginner
26d6bbee02420494d471c9f6436929c0,PR,curitiba,434.51,13,33.42,4.69,13,28.7,Beginner
49383af7ab774e4e8f3000f49c83dc4b,SP,taubate,660.0,12,55.0,4.58,10,28.1,Beginner
4eeb99008a0f59d2c7759c59f9a346eb,SP,embu das artes,1282.0,2,641.0,4.5,2,27.57,Beginner
76ea5315acb3f5f7ade3cd261faf922a,SP,sao paulo,1087.06,15,72.47,4.27,11,26.5,Beginner
b5b800c4065bebf4d3442311c9857344,SP,sao paulo,79.9,1,79.9,5.0,1,30.06,Beginner
e9729944ba65dc3ce425e0c5a22ae7b2,RJ,petropolis,916.7,4,229.18,3.75,3,22.99,Beginner
7357b52d27cbaa90f81a96cbc1279396,MG,lagoa santa,1328.02,12,110.67,4.33,11,26.87,Beginner
f90f77ef2799a27f80d90c425ca944f7,PR,londrina,70.0,1,70.0,5.0,1,30.06,Beginner
3a3e46d10f74d8a6ca76e2b538f106a0,SP,sao paulo,299.9,5,59.98,4.8,5,29.07,Beginner
6524b847b982cd56bb5d4b02b776ee42,SP,campinas,779.8,2,389.9,4.0,2,24.37,Beginner
3cfa1358a6caa965278721344c8d76f2,SP,sao bernardo do campo,3140.28,5,628.06,4.8,5,30.21,Beginner
9d7a1d34a5052409006425275ba1c2b4,SP,franca,1054.82,16,65.93,3.75,11,23.4,Beginner
a56e351445e5863fc8960640ba9190c7,SC,itajai,760.92,4,190.23,4.25,4,25.92,Beginner
698624c6632eeba1774924dbea24c700,SP,sao paulo,19.9,1,19.9,5.0,1,30.04,Beginner
b906dd0e57f282c7089171b6ed07982e,PR,parana,175.0,2,87.5,4.0,2,24.13,Beginner
1660ad786c27fd935378b6192a90b417,SP,sao bernardo do campo,1570.0,13,120.77,4.62,12,28.74,Beginner
bb2afe2061d53c6968aa0cffa233a8ec,SP,sao paulo,549.4,6,91.57,4.83,6,29.38,Beginner
72c38a04bd6a1c3dbc5298425a0db86d,PR,cascavel,647.3,5,129.46,3.8,4,23.21,Beginner
3f84fefc07dc159b268d4a77d3e8c425,PR,fazenda rio grande,200.6,3,66.87,5.0,3,30.17,Beginner
7c462184585ae80bd6e5774c62ce50f2,SP,campinas,60.0,2,30.0,3.0,0,18.08,Beginner
94d76e96eedd976258cd3278ce56d5f2,SP,sao roque,385.61,1,385.61,5.0,1,30.18,Beginner
97e50a621f8e801f4baf69e08687c192,SP,sao paulo,89.9,1,89.9,5.0,1,30.07,Beginner
bc503e244f187939d10c92a5c8e378ce,SP,birigui,430.31,13,33.1,4.15,11,25.46,Beginner
cb0b3bcf14e0a709df412a99424a59d7,SP,sao paulo,460.0,2,230.0,4.5,2,27.24,Beginner
134b867a0f7f8bbe6abf10f91874891e,SP,valinhos,789.89,1,789.89,4.0,1,24.35,Beginner
e0eabded302882513ced4ea3eb0c7059,SP,campinas,978.4,8,122.3,4.63,8,28.41,Beginner
1e8c6a4c538f286aee9573239740a4b4,SP,itatiba,359.7,5,71.94,3.8,3,23.09,Beginner
499ec63c58e51296c9cf57edcfe1c8a8,SP,sao paulo,365.0,5,73.0,4.8,5,29.1,Beginner
271c58a1d139c45eaf3316107c6d3a3b,SP,sao paulo,3597.63,27,133.25,4.19,20,27.39,Beginner
5bf397d04035b5f45cc41e82ec106803,SP,sao paulo,1525.0,4,381.25,4.25,4,26.23,Beginner
1a932caad4f9d804097d7f8e615baed1,SP,sao paulo,4661.0,30,155.37,3.57,19,24.18,Beginner
25be943a321c8938947bdaabca979a90,SP,sao bernardo do campo,479.0,3,159.67,4.33,3,26.26,Beginner
8eb88b0acb3f90a717ad659221471fa7,SC,cacador,119.8,2,59.9,4.5,2,27.11,Beginner
c70c1b0d8ca86052f45a432a38b73958,SP,hortolandia,36289.15,336,108.0,4.32,276,50.52,Intermediate
55c26bcb609f480eb7868594245febb5,SP,tabatinga,664.4,6,110.73,4.0,4,24.45,Beginner
058cb5aeb36d7c0fcae20fc85d5e0a59,RJ,rio de janeiro,1236.0,12,103.0,3.58,9,22.33,Beginner
7238a95bb63ef7e498389fb863b834a1,SP,limeira,2265.7,15,151.05,4.73,14,29.74,Beginner
99a54764c341d5dc80b4a8fac4eba3fb,SP,sao paulo,3578.76,66,54.22,3.51,38,24.47,Beginner
d4ffeb15b67e81ff9af2b4252d99fb7e,SP,atibaia,1400.4,12,116.7,4.3,9,26.72,Beginner
0dfbed20065e425d2eaefb101f9816c0,SP,porto ferreira,84.35,3,28.12,2.67,1,16.14,Beginner
117cfc326c6d50da67ca858ff5c0c852,RJ,sao joao de meriti,454.6,5,90.92,4.6,5,27.93,Beginner
33dd941c27854f7625b968cc6195a552,ES,vila velha,6787.5,5,1357.5,4.4,4,29.26,Beginner
5a6a02f419701fc8c605af71d4fc57a4,SP,americana,600.5,11,54.59,4.82,11,29.49,Beginner
b16d3dadc47d4eb18be3d88bad0775ce,RS,estancia velha,722.1,11,65.65,4.36,9,26.78,Beginner
13d058e4eeac2ce8217660b2f8a05812,SP,osasco,3739.78,22,169.99,4.18,18,27.24,Beginner
270572bb714b00531be85e16e1550f26,SP,maua,96.99,1,96.99,5.0,1,30.07,Beginner
7b98de631987e26dd6d803490c43a13c,PR,loanda,634.2,8,79.27,4.63,8,28.27,Beginner
688756f717c462a206ad854c5027a64a,SP,guarulhos,5956.66,100,59.57,3.78,70,28.06,Beginner
40db9e9aa57f7bb151bcda6b0f9bdbb7,PE,recife,23168.0,12,1930.67,2.36,3,23.79,Beginner
b98b715fe9e276204e2a3464f48cd796,SP,sao paulo,388.6,4,97.15,4.0,3,24.28,Beginner
2d518637f53161b973e01f56ea4bb88e,SP,sao paulo,1219.89,13,93.84,4.92,13,30.4,Beginner
2d34636518ba88f5349b732fcf8ba2e4,SP,sao paulo,150.0,1,150.0,5.0,1,30.09,Beginner
e256a62e0ac58c0edfba09966142d561,PR,curitiba,1474.11,14,105.29,4.5,13,28.01,Beginner
094ced053e257ae8cae57205592d6712,SP,ribeirao preto,1519.2,19,79.96,4.05,14,25.48,Beginner
0b64bcdb0784abc139af04077d49a20e,RS,canoas,137.6,4,34.4,4.75,4,28.68,Beginner
643c01d7c56a724bec0454f4780e8a3e,SC,joinville,205.55,2,102.78,4.5,2,27.14,Beginner
42b6488f5b8246d9141712abd4b1b693,PR,maringa,247.99,2,124.0,4.0,1,24.16,Beginner
038b75b729c8a9a04b0d07cba7eabe86,SP,sao jose dos campos,467.0,2,233.5,3.5,1,21.25,Beginner
08084d990eb3f53af056ccbc1730c8a7,SP,sao paulo,372.5,12,31.04,4.45,9,27.21,Beginner
bd697db56ff8e7c9cd1abeb7f72029b2,SP,sao paulo,2869.79,21,136.66,4.33,18,27.76,Beginner
5e105f5c9f63f5f1fd75d6cb942e55b1,SP,sao jose do rio preto,1471.9,8,183.99,4.5,7,27.83,Beginner
de9727ca376d1be6ec121b110aa7954c,PR,sarandi,997.8,11,90.71,3.64,7,22.57,Beginner
553a440137d6e0cf776aee0bb83ac9f5,SP,limeira,144.8,2,72.4,1.0,0,6.12,Beginner
4d0041cdbe51b4617d95c70b19decc74,MG,juiz de fora,5235.2,8,654.4,4.5,7,29.33,Beginner
dc64d75cc406bb0697be983831430e60,MG,belo horizonte,813.0,4,203.25,4.75,4,28.95,Beginner
a61cc04793308395a840807104365121,SP,jarinu,14.63,1,14.63,5.0,1,30.04,Beginner
da03c298e3999e9d828591fc2179d109,SP,sao paulo,787.7,5,157.54,4.8,5,29.27,Beginner
a150c540f572d0fb53992264bc5c10b5,SP,sorocaba,119.9,1,119.9,4.0,1,24.08,Beginner
8cb7c5ddf41f4d506eba76e9a4702a25,GO,anapolis,69.0,1,69.0,5.0,1,30.06,Beginner
c840d3fdbba0790404fdae73d253b253,PR,curitiba,4522.28,14,323.02,3.93,9,25.81,Beginner
0ddefe3c7a032b91f4e25b9c3a08fca1,SP,sao bernardo do campo,402.9,10,40.29,4.5,9,27.46,Beginner
578fa3a9cb6b6dceab39231ad59cdaca,CE,fortaleza,150.0,3,50.0,3.67,2,22.17,Beginner
f88adb15807168d3c43d71021090ce4a,SP,porto ferreira,488.8,3,162.93,3.33,1,20.27,Beginner
594f9aaa48e5bf431f011ddc5669b0d5,MG,contagem,3248.8,38,85.49,4.58,36,29.92,Beginner
b8114f2f589a6804810f04f99b36b498,SP,sao bernardo do campo,1399.62,11,127.24,4.73,11,29.27,Beginner
3968920b9aa752ab98f7d5888c9252f2,SP,bauru,523.3,10,52.33,4.1,8,25.11,Beginner
788e857f317e53de488d393e65a80f45,SP,sao paulo,1210.0,11,110.0,4.91,11,30.27,Beginner
296729ffb9b684050dd24836dac4494a,SP,curitiba,114.0,2,57.0,5.0,2,30.11,Beginner
c398bc00a606d33758afd91f4e64fd15,RJ,rio de janeiro,150.0,2,75.0,4.5,2,27.12,Beginner
1cbd32d00d01bb8087a5eb088612fd9c,SP,sp / sp,1045.47,12,87.12,4.25,10,26.28,Beginner
94b9108d4b637ba65bb4f1e53cfcf8d8,SP,guarulhos,234.96,8,29.37,4.5,7,27.33,Beginner
4cc4fd4fdd406a85bbdc1f824b731bd7,PR,toledo,539.98,2,269.99,5.0,2,30.28,Beginner
668bf321538e5072858eaef6087ce027,PR,pinhais,19.9,1,19.9,5.0,1,30.04,Beginner
577719699805dd125d5b6fdde5943bba,RS,nova petropolis,1077.8,8,134.73,4.38,7,26.95,Beginner
2c54051840f19eca309a5423cf22df36,PR,curitiba,23.7,2,11.85,4.5,2,27.07,Beginner
2646baaf662d4d92ac48f047e35db92d,SP,sao paulo,1263.05,18,70.17,4.56,16,28.41,Beginner
4965a7002cca77301c82d3f91b82e1a9,SP,sorocaba,8.49,1,8.49,5.0,1,30.03,Beginner
f67efa3f0b6761102a7f8c6b7b571f5d,PR,curitiba,5188.68,32,162.15,4.44,28,29.68,Beginner
1b65c144b17e607c0f37f10bb7dfec8d,SC,rio do sul,1109.5,5,221.9,2.0,1,12.59,Beginner
e8b4225284fbb02d16f200513f1f395d,SP,novo horizonte,5638.62,30,187.95,4.3,24,28.96,Beginner
7d7d2b7a51328016102d4528c411d630,SP,ibitinga,918.8,7,131.26,4.14,5,25.42,Beginner
52a52b9f656520e99716f5bc40f661c8,SP,sao carlos,783.1,8,97.89,4.13,6,25.33,Beginner
19d62d484cba71963c93f0f00ab42013,SC,gaspar,139.9,1,139.9,4.0,1,24.09,Beginner
88ae906ea2acf6971f26c3e8b7cb4357,SP,sao paulo,246.0,3,82.0,3.33,1,20.17,Beginner
6e13dd869aa7185f601c941423abcc8f,SP,sao paulo,522.0,6,87.0,4.83,6,29.37,Beginner
5b2e94f2c22b39ccc24d34ad0f669672,SP,sao paulo,949.78,10,94.98,4.9,10,30.08,Beginner
960945e1a9535cbc0cd6ddd35fbe7ae8,SP,sao paulo,3381.73,29,116.61,4.66,27,30.18,Beginner
0791d9fc1e30678ecf03d3e55fa108d3,MG,belo horizonte,842.0,11,76.55,2.73,5,17.05,Beginner
4f0d637c1197fd65405ebd755ac9f86b,SP,taboao da serra,199.8,2,99.9,5.0,2,30.14,Beginner
9c1c0c36cd23c20897e473901a8fb149,SP,praia grande,544.97,7,77.85,5.0,7,30.43,Beginner
e8dba4d70f7f2b20e775d09cae01142d,SP,santa barbara d oeste,855.91,9,95.1,4.33,7,26.59,Beginner
2c538755f1ca9540af144f266e70df6c,MG,castro pires,334.99,1,334.99,5.0,1,30.16,Beginner
7402d13c03a7e91366337cd1de471144,PR,cambe,473.89,3,157.96,4.33,3,26.26,Beginner
4d9fea3499bdc22aa4da4e339365f215,SP,sao paulo,192.54,2,96.27,5.0,2,30.14,Beginner
89d9a386b0b6e5fc8403071b03f7206a,SP,sao paulo,167.0,5,33.4,3.4,1,20.62,Beginner
b6f52e346160519c24a23af05410ad32,SP,sao paulo,129.9,1,129.9,4.0,1,24.08,Beginner
2c00c85d30361cd2ced2969cffbbffa3,MG,belo horizonte,49.8,1,49.8,5.0,1,30.05,Beginner
4c1c7281388a33dd06daac44f9fadbd1,SP,marilia,188.32,5,37.66,4.8,5,29.03,Beginner
a3fa18b3f688ec0fca3eb8bfcbd2d5b3,SP,são paulo,47.8,2,23.9,5.0,2,30.08,Beginner
4677a5437afda5fa7140b927b07be1cc,PR,japira,3415.7,11,310.52,4.36,10,27.86,Beginner
72431a818f97fe6ab9c81eee3e297e54,SP,rio das pedras,229.9,1,229.9,5.0,1,30.12,Beginner
beadbee30901a7f61d031b6b686095ad,SP,guarulhos,4373.98,68,64.32,3.94,50,27.43,Beginner
a213f1bd6458f4a158f3746cb2514559,PR,maringa,41.52,1,41.52,5.0,1,30.05,Beginner
8b181ee5518df84f18f4e1a43fe07923,SP,goioere,27.9,1,27.9,5.0,1,30.04,Beginner
aeb36d67f1414f234d42a29e27cf1f17,SP,santo andre,3263.8,4,815.95,4.5,3,28.43,Beginner
58f1a6197ed863543e0136bdedb3fce2,MG,conselheiro lafaiete,6833.0,45,151.84,4.16,35,29.04,Beginner
94231344608e603693b0a8891143f65d,SP,porto alegre,722.0,3,240.67,4.0,2,24.38,Beginner
3289d8c3eef4873f91ce0b1343c0dd58,SP,praia grande,199.99,1,199.99,5.0,1,30.11,Beginner
89757206b887aed36f3e18d858460fea,SP,sao paulo,120.5,2,60.25,5.0,2,30.11,Beginner
7fdb0720c8d7c9075538b365dc8c3a22,PR,toledo,1804.0,10,180.4,2.4,3,15.42,Beginner
a2deecd5398f5df4987110c80a1972a3,SP,sao paulo,658.53,14,47.04,4.29,12,26.42,Beginner
7238f877570096ae403c51898fa64566,SP,santana de parnaiba,1200.0,3,400.0,5.0,3,30.57,Beginner
d8b8f2cf9ff6ba0389072541cb42498c,GO,formosa,149.0,1,149.0,5.0,1,30.09,Beginner
3492e68f37fd1df87f4f2f2ea247f445,SP,salto,787.86,9,87.54,3.56,6,21.95,Beginner
43402bdf22aa2310e8f99e2f94f78628,SP,ribeirao pires,649.95,5,129.99,2.8,3,17.21,Beginner
d9cd369bffa979d1634f8e1318bf2f1b,SP,bady bassitt,678.0,3,226.0,5.0,3,30.36,Beginner
acce39e832338debb07b02385cde5967,MG,contagem,4748.1,44,107.91,4.48,40,30.1,Beginner
880ce4951cf857ab1d9e0b75c1d856f4,MG,belo horizont,178.9,1,178.9,5.0,1,30.1,Beginner
3a4127e1ba7208ea37044c5092aae170,SP,sao paulo,1842.7,5,368.54,4.0,4,24.89,Beginner
b2c97074649f92197d9387d9033dda5f,SP,botucatu,684.71,11,62.25,4.64,11,28.44,Beginner
3935fe5fe0f82787a9dcb8deb62be09d,SP,sao paulo,1681.69,17,98.92,3.94,11,24.82,Beginner
c00396cbdd2e088fe4281baa5920aef1,PR,campo magro,832.41,3,277.47,5.0,3,30.42,Beginner
e9874ae10b2d60d43917b6bbfa13a599,PR,rolandia,199.0,1,199.0,5.0,1,30.11,Beginner
9599519be538b98748162a2b48248960,SP,sao paulo,570.0,3,190.0,1.0,0,6.32,Beginner
2305ab43e846518f58dd9d59f3f54e96,SP,sao paulo,788.89,3,262.96,3.67,2,22.43,Beginner
c522be04e020c1e7b79f3acff36513d5,SP,santana de parnaiba,649.94,6,108.32,4.0,5,24.44,Beginner
0aa2205ca24f113f4658a5c536667426,SP,sao paulo,815.62,11,74.15,2.82,5,17.58,Beginner
457fe919b032a3f7dadba6fb92cf7855,SP,paulinia,1104.89,12,92.07,4.83,12,29.78,Beginner
af3ef48d0e13835e529c29ac573c63e5,SP,araraquara,1405.63,21,66.93,3.76,15,23.75,Beginner
a0d7fbb07bb5ebc3b05980e750db56f3,SP,ferraz de vasconcelos,848.99,4,212.25,2.0,1,12.46,Beginner
9803a40e82e45418ab7fb84091af5231,GO,rio verde,4278.75,18,237.71,3.11,10,20.91,Beginner
0a85ebe4e328db81ac9109781205e2f7,SP,jundiai,667.9,12,55.66,4.58,11,28.11,Beginner
03bd479e1d9484cdb14104d3023f7321,MG,uberlandia,359.7,3,119.9,4.33,2,26.21,Beginner
739c7d7be81f63812dea0d1b1451c651,PB,campina grande,77.5,2,38.75,4.0,1,24.09,Beginner
8d899e15a5925f097cca50faa49b15e3,SP,sao roque,645.0,10,64.5,2.5,4,15.56,Beginner
ea4e9ce63a2134743b4a92777437fcdd,SC,palhoca,316.6,4,79.15,4.75,4,28.75,Beginner
7c5b05cbdb5542049f38d90d7815b97d,SP,sao paulo,993.97,23,43.22,4.57,21,28.51,Beginner
951e8cef368f09bb3f3d03c00ca4702c,SP,ibitinga,3993.31,69,57.87,4.16,53,28.63,Beginner
0570350b23eda5444f8d1d9544932058,SP,sao paulo,626.9,11,56.99,5.0,11,30.58,Beginner
2ba91c7ad80ff88b23b7db823b43c233,SP,itu,740.4,6,123.4,3.83,4,23.46,Beginner
427165bf50f8ca07efc7bdc2bfcf1688,SP,americana,1603.5,5,320.7,3.2,3,19.99,Beginner
f1b854361f4e15d5851b494df66f22b2,RJ,rio de janeiro,1168.8,4,292.2,2.75,2,17.09,Beginner
dda37071807e404c5bb2a1590c66326f,SP,sao paulo,199.99,1,199.99,5.0,1,30.11,Beginner
910a922b426b7ff95eaee129ad6c0e1f,SP,sao jose do rio preto,119.8,2,59.9,5.0,2,30.11,Beginner
1444c08e64d55fb3c25f0f09c07ffcf2,BA,lauro de freitas,2749.0,1,2749.0,1.0,0,7.13,Beginner
7b8e8ec35bad4b0ef7e3963650b0a87b,SC,tubarao,2244.28,5,448.86,4.8,5,29.85,Beginner
516e7738bd8f735ac19a010ee5450d8d,RJ,rio de janeiro,6463.19,82,78.82,4.61,76,32.71,Beginner
8b9d6eec4a7eb7d0f9d579ce0b38324d,RJ,mesquita,4159.55,52,79.99,4.12,42,27.94,Beginner
edf3fabebcc20f7463cc9c53da932ea8,SP,sao paulo,219.9,1,219.9,4.0,1,24.12,Beginner
77fccaae319668a8ab6cd0fd16aec48c,RJ,campos dos goytacazes,1667.0,12,138.92,4.33,9,27.01,Beginner
34a557286ead8fe75c989e0afcf7d98c,SP,franca,414.9,4,103.73,4.75,4,28.79,Beginner
bba8d0c234a52b87b3957037a215d1a4,GO,goiania,120.0,1,120.0,5.0,1,30.08,Beginner
985c92cc412091f8529c12d7f23d3fef,MG,sao joao del rei,1368.5,12,114.04,4.75,11,29.41,Beginner
723a46b89fd5c3ed78ccdf039e33ac63,RS,"novo hamburgo, rio grande do sul, brasil",66.64,1,66.64,4.0,1,24.06,Beginner
fedf2c1386e137f296b3bbf3b635e69d,SP,sao paulo,131.74,5,26.35,3.2,2,19.4,Beginner
ec2e006556300a79a5a91e4876ab3a56,SP,sao paulo,77.4,6,12.9,1.5,0,9.21,Beginner
eb4a59a06b3948e851a7d7a830bcbc42,BA,salvador,32.0,1,32.0,5.0,1,30.04,Beginner
382229d1e840115ffe3dbf5ff460e417,RJ,rio de janeiro,4037.06,48,84.11,4.31,41,28.91,Beginner
8a432f4e5b471f8da497d7dc517666e2,SP,presidente prudente,7555.0,106,71.27,4.2,83,31.4,Beginner
6b803197e03abd5056b4313306b4f29d,SP,sao paulo,407.0,12,33.92,4.83,11,29.5,Beginner
01fd077212124329bac32490e8ef80d9,SP,ribeirao preto / sao paulo,1208.0,39,30.97,4.31,33,27.51,Beginner
caa9bc43a9fe8cf9c564ddd8a03cc4a6,SP,jacarei,803.87,14,57.42,4.69,13,28.88,Beginner
f626e15b7314c267e4429010866f70e9,SP,marechal candido rondon,193.55,7,27.65,4.14,6,25.13,Beginner
2cb6eb1b7185064167657fa09f541105,MG,sabara,1415.7,8,176.96,4.25,6,26.31,Beginner
431050a06a317f2b38168dec3dcd2b46,SP,sao paulo,1370.0,10,137.0,4.5,9,27.85,Beginner
48e954b2da4f6a750c844173b347ed40,RS,porto alegre,397.8,6,66.3,4.17,6,25.36,Beginner
4a1f694197d05fe70026b016a7316b41,SP,pedreira,907.77,23,39.47,4.39,19,27.39,Beginner
dfa0c4c6229ab200a4a1336b4d7128ff,SC,florianopolis,4777.1,86,55.55,4.01,65,28.55,Beginner
f46490624488d3ff7ce78613913a7711,SP,guarulhos,5690.95,87,65.41,3.57,55,26.31,Beginner
e1643dff33666ca629e3644c02738179,SP,sao paulo,170.0,3,56.67,4.33,2,26.14,Beginner
f12d3c2a14729ae461b920c11fe20fdc,SP,santo andre,364.45,11,33.13,4.27,9,26.1,Beginner
9c3a1c416c765687bc79a04113269929,MG,carmo da mata,74.9,1,74.9,1.0,0,6.06,Beginner
d29ba1220fb8634fa3a107e54497b8a4,SP,sao carlos,724.94,9,80.55,3.22,4,19.88,Beginner
63a79f5a7eb5cb48a7e5787b141c7993,MG,patos de minas,815.1,11,74.1,4.55,10,27.96,Beginner
cb6c9f5888a7a090c75beaf615925792,ES,vila velha,779.89,11,70.9,3.82,8,23.56,Beginner
02f623a8eb246f3c5f7c2f96462654e6,SP,botucatu,6378.0,44,144.95,4.56,39,31.23,Beginner
2528744c5ef5d955adc318720a94d2e7,SP,jundiai,6245.0,5,1249.0,2.4,1,17.05,Beginner
2d22fc3089eb907b29ebff50581fb472,RJ,macae,317.7,3,105.9,3.67,1,22.24,Beginner
6219ba2359cfb97f2e38fd4c321eb309,SP,sao paulo,342.6,5,68.52,4.0,3,24.29,Beginner
606ce7768feac12c5e8bd58db8b08f0f,SP,campinas,2916.6,5,583.32,4.8,5,30.12,Beginner
6a53b90c3ad9e0b56d9fe5c69165fff5,PR,curitiba,139.78,4,34.95,3.5,2,21.18,Beginner
186cdd1b2df32caa72cfb410bba768d3,SC,rio negrinho,1341.45,6,223.58,5.0,6,30.72,Beginner
88cf19ec1fc2c58f161aee259d57142c,SP,sao carlos,1507.96,15,100.53,4.47,14,27.87,Beginner
a2b5b6105ea5942300631d2e76f4ffe0,SP,osasco,3286.69,16,205.42,4.75,16,30.29,Beginner
623ad9d0c1e14bb5464a8c72bff7b4af,MG,claudio,95.0,1,95.0,4.0,1,24.07,Beginner
97e4a63591ca439a2b8b7efd20e6e19e,RJ,rio de janeiro,349.95,5,69.99,4.4,4,26.69,Beginner
38102b031c2a15e54623d711bfc753d3,CE,mucambo,418.0,10,41.8,3.9,6,23.87,Beginner
447d377bdb757058acb569025ee18a93,RS,carazinho,64.99,1,64.99,5.0,1,30.06,Beginner
ba143b05f0110f0dc71ad71b4466ce92,SP,sao paulo,5998.7,84,71.41,4.46,75,31.68,Beginner
33cbbec1e7e1044aaf11d152172c776f,RS,bento goncalves,730.67,16,45.67,4.69,16,28.91,Beginner
98115075dd26cb8835946fc6086f5d30,SP,ao bernardo do campo,434.96,4,108.74,4.75,4,28.79,Beginner
334cab711dee080b079fa5779b584783,SP,santo andre,1069.7,26,41.14,4.96,26,30.97,Beginner
2e2f44824ab87a0cb961f68bf4073e7f,PR,curitiba,48.0,1,48.0,2.0,0,12.05,Beginner
57df9869a600bd6b7c405f2a862eccfb,MG,santa rita do sapucai,125.0,5,25.0,4.4,5,26.6,Beginner
4342d4b2ba6b161468c63a7e7cfce593,RJ,rio de janeiro,528.9,2,264.45,1.0,0,6.27,Beginner
f22a247b79dd22ecd91dc8e3b2a1b07c,SP,itaquaquecetuba,439.94,8,54.99,4.0,7,24.42,Beginner
a663d9c3797e90eac99ff60939416a56,SP,sao paulo,235.0,1,235.0,5.0,1,30.12,Beginner
6f835fd4be26989b1b064399da346143,PR,curitiba,197.8,2,98.9,5.0,2,30.14,Beginner
eb1bf309f4f6af9a97e9ddac3fdbeabe,SP,diadema,22.3,1,22.3,5.0,1,30.04,Beginner
1a8e2d9c38b84a9702ac7922924b0573,SC,araquari,80.0,1,80.0,5.0,1,30.06,Beginner
c7246702dc991a06d788120dc7544391,CE,fortaleza,54.86,1,54.86,5.0,1,30.05,Beginner
70c27847eca8195c983ed7e798c56743,RJ,rio de janeiro,12077.52,98,123.24,4.2,78,32.97,Beginner
45ba18c210d42734ec52c0c1c574e9ee,SP,sao roque,5099.44,38,134.2,4.05,31,27.48,Beginner
0ec28cec4046a4a199b6de9b4c891d97,GO,goiania,296.6,4,74.15,5.0,4,30.24,Beginner
acb6c2ca5c82411c1fdb88d5fd5eb95e,SP,sao paulo,413.88,11,37.63,3.73,7,22.88,Beginner
9449f25aeaf531019b76999ea49a6949,RJ,rio de janeiro,1979.55,9,219.95,4.22,8,26.38,Beginner
aa762680c40618316a896838866140ea,PR,curitiba,261.0,3,87.0,3.33,2,20.17,Beginner
61b18775be84fb700a6b2d0ba097bf66,SP,araraquara,334.5,5,66.9,4.6,5,27.88,Beginner
1d1bbb8ac1581824986f582583fff01d,SC,indaial,166.88,4,41.72,3.5,3,21.19,Beginner
89dda63a3c907c468ec88c310ed91213,SP,maua/sao paulo,44.99,1,44.99,5.0,1,30.05,Beginner
52956b80ae65fda598f06f6b9943e7a9,PR,maringa,792.0,3,264.0,4.0,2,24.41,Beginner
ce616e1913288884e7742faac9d981db,SP,cotia,333.3,22,15.15,4.64,19,28.63,Beginner
b5abf4f36adc043117b4fca82c22984c,DF,brasilia,803.1,9,89.23,2.89,4,17.93,Beginner
6235903333ba7de1928c869e268e5964,SC,treze tilias,94.06,1,94.06,5.0,1,30.07,Beginner
cbf09e831b0c11f6f23ffb51004db972,SP,sbc/sp,1535.2,10,153.52,4.4,9,27.31,Beginner
3c88ed2e76a2247933a15daa7161eb1c,SP,cosmopolis,155.0,1,155.0,5.0,1,30.09,Beginner
1b45169b635ef59425637e9a33eb5fb3,PR,maringa,308.9,8,38.61,4.63,7,28.14,Beginner
75a4764c108403a7a0575140cb22287c,RS,caxias do sul,716.9,9,79.66,4.78,9,29.24,Beginner
b0f2a6122a90a93eb03e68653dd960e3,PR,curitiba,1620.3,7,231.47,4.86,7,30.02,Beginner
7f7b8245c336066a1f9933c359f11d77,SP,mogi mirim,2094.36,43,48.71,4.56,40,29.49,Beginner
d9c349beabc06aa6ff1c6d68b5e9e22e,SP,sao paulo,168.1,1,168.1,5.0,1,30.1,Beginner
8ed8ea9a57c862f2c18c2fe41f601d56,SC,blumenau,3831.9,19,201.68,4.47,18,28.92,Beginner
3d8fa2f5b647373c8620330c4e077a9f,SP,sao paulo,3554.73,48,74.06,4.11,34,27.52,Beginner
aded58c8142dedc5494a81f948431fab,RJ,rio de janeiro,289.5,5,57.9,3.2,3,19.47,Beginner
b9ca8e8baa5d4aa038394a700f63e69f,SP,sao paulo,1289.77,14,92.13,4.21,11,26.2,Beginner
5011f0d93373a4c5753adf58ca77af8d,SP,santos,859.52,21,40.93,3.67,12,22.99,Beginner
9d681c7e12db302cb261e721040dde65,PR,curitiba,785.6,14,56.11,4.93,14,30.31,Beginner
85cc55e048b6bcc90c75afe7f0e72f72,RJ,barra mansa,308.28,9,34.25,4.44,8,27.03,Beginner
1cbdc7cf130a41fd13a3c2a7d2fcfda7,MG,lambari,165.8,2,82.9,5.0,2,30.13,Beginner
6c99c983ce3b6ba0ab813e6790e81691,MG,uberlandia,546.75,9,60.75,3.78,7,23.17,Beginner
28c7d8743fbc8679f484868cc0fcaefb,SP,itaporanga,201.5,3,67.17,5.0,3,30.17,Beginner
228e4c1a0be164f613d41c24345f9d2c,PR,bandeirantes,539.7,5,107.94,5.0,5,30.37,Beginner
53088c75f948b48a7ece173ac17f0c12,RS,triunfo,261.7,3,87.23,5.0,3,30.19,Beginner
fc59392d66ef99377e50356ee4f3b4e1,BA,salvador,519.99,5,104.0,3.6,3,21.96,Beginner
062c325cd6a2b87845fab56b4ec2eeae,SP,sao paulo,133.22,2,66.61,5.0,2,30.11,Beginner
08cdbae123ff67ca4e36d9d641ce0119,MG,uba,3517.99,7,502.57,2.43,2,16.2,Beginner
b37c4c02bda3161a7546a4e6d222d5b2,SP,sao paulo,24075.0,15,1605.0,1.4,1,18.48,Beginner
a1040efe9ff4a6f93c28b0499eada8f5,SP,jundiai,1658.83,1,1658.83,5.0,1,30.69,Beginner
5c3460cd3e8a984382ae254e7dd20d9f,SP,sao jose do rio preto,775.76,10,77.58,4.7,9,28.81,Beginner
bc30de0d71bd6260b936a026b5cf7200,SP,pedreira,392.37,3,130.79,4.67,3,28.27,Beginner
bd4431c1a8dfa744b59e1e2a8bc99b9e,RJ,rio de janeiro,809.5,7,115.64,4.57,6,27.95,Beginner
28f10b1c5e5abb9d4857745bede6147c,SP,sao paulo,835.0,28,29.82,4.0,22,25.17,Beginner
7df1fc11cc5cbc518b39faa60cf5d67c,MS,campo grande,1037.6,5,207.52,4.2,4,25.77,Beginner
e4f121bf6ef8b9a1d4d3e65dd0473fab,SP,sao jose do rio preto,70.0,2,35.0,3.0,1,18.09,Beginner
1782ce2db72c3dda627d5e7c898104e1,SP,taboao da serra,2010.8,10,201.08,4.3,9,26.9,Beginner
6f229cc508fc6915ed5c499efd93baa4,RJ,rio de janeiro,2654.8,14,189.63,4.43,12,28.06,Beginner
d9d43faf741ceaa8da52fdbb81d9e0e3,SP,juiz de fora,161.0,6,26.83,3.67,4,22.26,Beginner
734def04b237117a09321dd6d8f3f2a2,SP,araras,1252.43,2,626.22,5.0,2,30.56,Beginner
52454f90d4c30c016768db02f88c1a74,SP,campinas,80.5,5,16.1,3.6,3,21.78,Beginner
0fe2d9733ed841eb064503920015a8c0,SP,ourinhos,389.64,3,129.88,4.67,3,28.27,Beginner
ebe3dabc4955c9b0d695e7bda38bf5c3,SP,ribeirao preto,55.0,1,55.0,3.0,0,18.05,Beginner
610f72e407cdd7caaa2f8167b0163fd8,SP,sao paulo,13585.16,17,799.13,3.71,12,28.2,Beginner
a00824eb9093d40e589b940ec45c4eb0,SP,bofete,9399.97,3,3133.32,4.67,3,31.87,Beginner
257e61d3251fb5efb9daadddbc2cf7ca,PR,apucarana,7729.0,12,644.08,4.75,11,31.95,Beginner
7d948535954aaf8c5d39db007f74372e,SP,guaruja,194.0,4,48.5,3.75,2,22.7,Beginner
3b18f9856c6eb2413eafedb58e9eecd9,SP,santo andre,315.0,1,315.0,5.0,1,30.16,Beginner
64cc804291f90c81f02bfc2bb58ff55a,PR,curitiba,517.6,2,258.8,5.0,2,30.27,Beginner
0b1ca3ef18a63d7eb0c8897fa0849c08,SP,sao roque,55.0,1,55.0,5.0,1,30.05,Beginner
bc39d8938f90a3a2b98193723ed59774,SP,cajamar,306.8,2,153.4,4.0,1,24.18,Beginner
e546117ed9cafbc40239c0c78635c584,SP,sao paulo,456.0,2,228.0,4.5,2,27.24,Beginner
2bf28e311bba65237358230cabac3f15,PR,londrina,294.0,8,36.75,3.88,6,23.64,Beginner
3d2531eccfbde1d7c8db7a3a12fb267a,MG,contagem,1999.54,10,199.95,4.22,7,26.42,Beginner
fac1a9017ade7bdc94058fc1c969f355,SP,sao paulo,2010.84,10,201.08,4.7,9,29.3,Beginner
7d294cf9a6a69dc6a0c3e540fff0e039,SC,barra velha,257.25,5,51.45,4.4,4,26.65,Beginner
3903c788ded8dc03b5ebab37a2f3e9a1,SP,carapicuiba,119.98,5,24.0,4.0,3,24.2,Beginner
d8c7ba53e7e38711eaef8c2849d6d2e1,PR,floresta,1190.87,22,54.13,4.5,18,28.14,Beginner
c72de06d72748d1a0dfb2125be43ba63,BA,guanambi,17522.0,22,796.45,4.45,19,34.37,Beginner
cf654707ed6a99f112c7ec3d6f314b8b,SP,sao paulo,756.0,4,189.0,4.75,4,28.92,Beginner
e58a5b390e28abc0b216cfb0e07d27d7,RJ,rio de janeiro,1022.6,7,146.09,4.86,7,29.78,Beginner
f3c38ab652836d21de61fb8314b69182,SP,sao paulo,1581.0,15,105.4,4.27,12,26.7,Beginner
51e4e89242cbb846c2deff3dc015650e,RS,rio grande,822.58,16,51.41,4.63,14,28.59,Beginner
65febd49fd28ec955651299159b1f527,SP,sao paulo,4136.71,38,108.86,4.34,31,28.83,Beginner
5670f4db5b62c43d542e1b2d56b0cf7c,SP,sao paulo,6630.09,22,301.37,4.41,19,29.77,Beginner
72c5da29406b4234927b81855e7b64f6,SP,guarulhos,11798.69,31,380.6,4.13,24,30.43,Beginner
16bdc8cefd0e32a6f0824d296c5ad14a,SP,sp,41.76,1,41.76,5.0,1,30.05,Beginner
eb9267cccc90f1b49c8d2f9887c7dd97,PE,recife,319.9,1,319.9,5.0,1,30.16,Beginner
141440cad9341e553f8401c574a2aa38,PR,pitanga,1288.2,12,107.35,4.17,10,25.9,Beginner
cc63f0dd2acba93ffed4fe9f8e0321fa,SP,sao jose do rio preto,7096.71,63,112.65,4.05,46,29.03,Beginner
d197aa8fbc64087f61984deef05f6227,SP,sao jose dos campos,519.09,7,74.16,4.71,7,28.68,Beginner
657969cca82e884d272385ec0ef06edd,RS,estancia velha,139.7,3,46.57,4.67,3,28.17,Beginner
8b655f0855926bcb49f5835d38dfddf6,SP,osasco,1089.5,5,217.9,4.8,5,29.39,Beginner
e88165a185134e13fdfc85d4fa654db8,SP,ferraz de  vasconcelos,108.0,2,54.0,3.0,1,18.1,Beginner
6a38087bc8ad4f89ff453561005f6dea,GO,anapolis,1833.43,22,83.34,4.41,20,27.85,Beginner
3ded4e2d5f135cb103e5949d7263d2dd,MG,pouso alegre,49.9,1,49.9,5.0,1,30.05,Beginner
89a51f50b8095ea78d5768f34c13a76f,DF,brasilia,677.16,11,61.56,4.73,11,28.98,Beginner
dbdd0ec73a4817971d962698f2fea022,CE,fortaleza,6384.0,16,399.0,4.38,14,29.31,Beginner
7daca0837f033a41a6f3428c18657533,SP,tanabi,1228.98,7,175.57,3.57,4,22.12,Beginner
b64d51f0435e884e8de603b1655155ae,SP,garulhos,416.18,23,18.09,4.13,17,25.64,Beginner
47648caee88ccfe951fbb27fbf7b4cbe,SP,diadema,1564.99,3,521.66,3.67,2,22.74,Beginner
c12b92bf1c350f3e6bf88d3596219c86,SP,garca,4808.78,17,282.87,3.88,13,25.71,Beginner
bf100ecb7997df312b285358fb32f92c,PR,sao jose dos pinhais,1991.9,21,94.85,4.37,15,27.65,Beginner
aae5e7b457a3c72ee230a47d98fceda5,PR,sao jose dos pinhas,604.8,7,86.4,4.14,6,25.29,Beginner
86ff3eaef0267069cc891a2ed9d10a17,SC,palhoca,409.75,7,58.54,4.71,6,28.63,Beginner
8a9260f2b0340411d6d2a56bcf4f7378,MG,contagem,1256.0,9,139.56,4.78,9,29.45,Beginner
35fb511489d9ee3ee27a76debce9df06,PR,londrina,414.5,7,59.21,3.57,5,21.8,Beginner
db2956745b3a8e9f3785c99f34b5d25e,SP,sao sebastiao,8261.0,46,179.59,3.8,32,27.48,Beginner
039e6ad9dae79614493083e241147386,SP,sao paulo,12925.0,5,2585.0,4.0,4,29.32,Beginner
b5d034ac251546e25afe9067f05c1539,SP,itapecerica da serra,69.9,1,69.9,5.0,1,30.06,Beginner
dd88d13bea9e4c2bf47daf224f8141e5,RS,lajeado,458.0,1,458.0,5.0,1,30.21,Beginner
0af977692321d895349eded183341d28,SP,santos,257.75,2,128.88,4.5,2,27.16,Beginner
761681a821d8275bc79f552116d06869,SP,sao paulo,354.92,3,118.31,5.0,3,30.23,Beginner
7aa538dd6e114e503a2e6154ea352253,SP,catanduva,1016.68,5,203.34,4.4,4,26.96,Beginner
9ac4f14370b1e24ddc58be041b7f99df,GO,jaragua,314.51,5,62.9,4.4,4,26.68,Beginner
5a425cc503b39b262a847fd6212bf53b,PR,londrina,1340.6,14,95.76,4.46,12,27.72,Beginner
5b85809efd0d0e4dea1a9544e1280ed9,SP,presidente prudente,1804.6,14,128.9,4.36,11,27.3,Beginner
59bbc819b99a733f02f0d6b49d1c253d,SP,campinas,139.8,2,69.9,5.0,2,30.12,Beginner
7fc87cc3e89b3d1d5cabdca32f8485aa,SP,guarulhos,2153.9,14,153.85,3.57,9,22.7,Beginner
c3e1abd72a42fe690fcd89cf5720fe29,SP,mogi guacu,1798.61,13,138.35,4.46,11,27.87,Beginner
e51f22821f0c12a16ad5c020cdcd55e9,SP,carapicuiba,898.71,4,224.68,4.75,4,28.98,Beginner
1f7dfad2cb384ea4d2d7e1ffbd78c407,SP,sao paulo,49.0,1,49.0,1.0,0,6.05,Beginner
3d4b1ae7539303b5704493798893e82c,SP,sao paulo,1076.0,9,119.56,4.67,9,28.72,Beginner
fcba71d4d5db057f43249145e4eb1e27,SP,limeira,494.55,3,164.85,4.67,3,28.31,Beginner
4e2627090e6e5b9fabba883a37897683,MG,belo horizonte,39.9,1,39.9,,0,,Beginner
d921b68bf747894be13a97ae52b0f386,MG,formiga,15645.8,77,203.19,4.56,68,35.93,Beginner
b8578d2d823bd8e251f6fdd02b40902d,SC,blumenau,1255.6,9,139.51,4.44,8,27.41,Beginner
2b402d5dc42554061f8ea98d1916f148,BA,irece,299.89,1,299.89,5.0,1,30.15,Beginner
b44dbfbf62e52125f3c15d230569ea91,SP,sao paulo,609.37,8,76.17,4.38,8,26.76,Beginner
8fbd63429be6d3e5e6d1a709b6464802,SP,santo andre,1061.4,8,132.68,4.63,8,28.44,Beginner
86bf77bdb52e615674772d5817c6212f,RS,viamao,281.8,5,56.36,4.8,5,29.06,Beginner
96f7c797de9ca20efbe14545bed63eec,SP,cravinhos,138.6,3,46.2,1.0,0,6.15,Beginner
a4fc6eadaff1576af888509a53420f6a,SP,sao caetano do sul,100.86,1,100.86,3.0,0,18.07,Beginner
3076499bbc033a927bf4a8a41bcf7fd4,SP,auriflama,359.33,9,39.93,4.44,7,27.05,Beginner
ede2977fbaf3738583170735ca403f6c,PR,curitiba,289.9,1,289.9,5.0,1,30.15,Beginner
b494891378bd8f4560abe576c52deacd,SP,sao paulo,2839.0,21,135.19,4.71,20,30.03,Beginner
e0487761face83d64fcada2408959a36,SP,sao paulo,49.25,2,24.63,4.5,2,27.08,Beginner
6e4a902d1054e4e17aa6eab87fac1c75,SP,sorocaba,586.57,8,73.32,4.25,7,25.97,Beginner
fe1b067411b8c5066e962aa146ccee03,SP,presidente prudente,847.78,8,105.97,4.63,8,28.36,Beginner
184725737946a1a938bbbd1a9e978103,SP,maua,359.7,3,119.9,4.67,3,28.25,Beginner
58c851d1a3c7cd3da329eb59453fed44,SP,rio claro,268.99,2,134.5,5.0,2,30.17,Beginner
a45314082d50d578a4721c9787ce09ab,SP,mirassol,424.9,2,212.45,5.0,2,30.23,Beginner
7dea6f73af847b42cc3985bd620f994d,PR,cascavel,324.0,2,162.0,4.0,1,24.19,Beginner
9ac75591b69c3402684b6ce0310f22ee,SP,sao paulo,60.5,1,60.5,5.0,1,30.05,Beginner
81783131d2a97c8d44d406a4be81b5d9,SP,sorocaba,761.84,9,84.65,4.56,8,27.93,Beginner
60da8bfa7eebe230b7d66ac4082d79b3,SP,fernando prestes,86.6,3,28.87,4.33,2,26.1,Beginner
751e274377499a8503fd6243ad9c56f6,SP,campinas,218.0,2,109.0,5.0,2,30.15,Beginner
e8ff5a6ceb895583033fc2a0f314e3c2,SC,blumenau,139.89,1,139.89,5.0,1,30.09,Beginner
9140ef75cc8211c4035935e80e567204,PR,maringa,49.9,1,49.9,5.0,1,30.05,Beginner
079d295dcbf06ee8bb1b65ba964eb2b6,SP,sao paulo,349.3,10,34.93,4.8,10,29.24,Beginner
98dddbc4601dd4443ca174359b237166,PR,sarandi,158.0,2,79.0,5.0,2,30.12,Beginner
5f5a58930c3c35f3b5af264f34fb8c85,SP,ribeirao preto,699.0,4,174.75,5.0,4,30.4,Beginner
544863df86ed3b78a04e0820d41430ee,ES,serra,23.9,1,23.9,5.0,1,30.04,Beginner
7f35f9daf223da737b78738fbae4d977,SP,valinhos,252.0,5,50.4,4.0,4,24.25,Beginner
87d73636a3acf123e842bb890a4db036,SP,nhandeara,269.9,1,269.9,5.0,1,30.14,Beginner
3ab971ce71839580d2ae5b4e40fe8044,SP,sao paulo,4917.0,37,132.89,3.89,27,26.42,Beginner
18e694e0e48ed6f7aa3f24aade5fd697,SP,varzea paulista,701.54,34,20.63,4.68,33,29.38,Beginner
09bad886111255c5b5030314fc7f1a4a,SP,sao paulo,487.5,5,97.5,5.0,5,30.35,Beginner
179d859f51292aac5c10806a356f7af9,SP,ribeirao pires,404.47,19,21.29,4.32,16,26.65,Beginner
d149de2f383552baea37a7198c2296ce,SP,sao paulo,320.7,3,106.9,5.0,3,30.22,Beginner
a63bfbaa882c8f4542891b4e2246cc7f,RJ,niteroi,5682.0,6,947.0,5.0,6,32.45,Beginner
1927cdb9fa74f5270097f6250e8e8f34,SP,marilia,120.0,1,120.0,5.0,1,30.08,Beginner
c5f7feb04a6a1fb3596322bfc3cf1917,SP,sao caetano do sul,1720.6,11,156.42,4.27,9,26.64,Beginner
dedcab67899479e4ea5dcc4eba47f587,SC,jaragua do sul,84.0,2,42.0,4.5,2,27.09,Beginner
a21c11ec5c3f03e7cc9f9203bff9e1c6,SP,santana de parnaiba,385.0,4,96.25,3.0,2,18.27,Beginner
a56a8043ebf66e42119618fb8cf232c6,SC,joinville,83.0,1,83.0,5.0,1,30.06,Beginner
7adbd3210a7b3cc2235e225eef33574d,SP,sao paulo,131.9,3,43.97,4.67,3,28.16,Beginner
6025c79c035c3d772133b8b8238463b2,PR,pinhais/pr,989.74,4,247.44,5.0,4,30.52,Beginner
29c322e3f09f886f8bacbe91dfbd979e,RS,santa maria,48.98,2,24.49,5.0,2,30.08,Beginner
1c56ffe0e9dea2657fc6e95b53f40b13,SP,sao carlos,183.0,3,61.0,4.33,2,26.14,Beginner
d297f1055de2956aedfd3b04113dce3e,SP,nova odessa,54.3,1,54.3,4.0,1,24.05,Beginner
bd43e172d599bed47a85da877172ca8c,SC,sao bento do sul,23.92,1,23.92,5.0,1,30.04,Beginner
ea1776927851da2532aa70d6a32c095a,SP,sao paulo,283.9,2,141.95,3.5,1,21.17,Beginner
c092292535a57dacd95a8765f5518f87,RJ,paracambi,125.0,1,125.0,5.0,1,30.08,Beginner
5a9b3bcab695173c820e53934574ae80,SP,salto,139.0,1,139.0,5.0,1,30.09,Beginner
252e76235acb79183cfca6e34f13337d,SP,campinas,261.2,4,65.3,3.75,3,22.72,Beginner
d3891911c2feae53c52fea2bd14054e5,SP,sao paulo,141.0,2,70.5,5.0,2,30.12,Beginner
e3d3b3efac954a60d61be70b7e05b49b,SP,sao paulo,1282.05,3,427.35,4.33,3,26.58,Beginner
455befea1bb853c75ccbca94cff26e5c,RJ,resende,19.99,1,19.99,3.0,0,18.04,Beginner
ba8e85df286308fe68a2ce83a8f8b2d6,SC,santa catarina,80.9,1,80.9,5.0,1,30.06,Beginner
1cbcd2ee0afb3fc09963b87eb65e7e4f,PR,curitiba,90.0,3,30.0,5.0,3,30.13,Beginner
dc7192adf8ba09569261f4a8d576afe0,SP,itapeva,917.0,8,114.63,3.63,5,22.39,Beginner
c8cc60ffd415254af5d9b9f34f32c369,SP,sorocaba,722.2,9,80.24,4.67,9,28.58,Beginner
8c351ed7c326c62123318f4f3246e906,SP,praia grande,114.9,2,57.45,5.0,2,30.11,Beginner
4fe2f67634d00c021aa01f96b6f2d68e,PR,maringa,86.8,2,43.4,5.0,2,30.09,Beginner
a11a0e0ca67423425691db355cff69b0,SP,indaiatuba,448.9,2,224.45,5.0,2,30.24,Beginner
1b0b0f4f95e962d6f32fe90c759d0479,SP,sao paulo,139.8,2,69.9,5.0,2,30.12,Beginner
297d5eccd19fa9a83b2630071ff105e4,PR,curitiba,834.97,8,104.37,5.0,8,30.57,Beginner
a7d0f8dd44f57ef6de7f7f02e3d82630,SP,sao paulo,73.79,2,36.89,4.5,2,27.09,Beginner
cf1313c6e2c01c2f4b014f97db4bcd2b,RJ,rio de janeiro \rio de janeiro,315.7,5,63.14,5.0,5,30.28,Beginner
20611af7866c6068fd5ae1f9dbe15c92,SP,porto ferreira,219.8,2,109.9,4.5,2,27.15,Beginner
99a25c39b28a74d1151c35c18d178292,SP,sao paulo,173.94,6,28.99,5.0,6,30.25,Beginner
698f5fa55a5f73d0740e9d9a773e8093,RJ,rio de janeiro,120.0,6,20.0,4.83,6,29.21,Beginner
57a834594e1e9e9219603bfec184eadc,RS,santa rosa,139.0,1,139.0,5.0,1,30.09,Beginner
5a413ade68e8f8d93071a7f52a64cb9e,SP,sao paulo,778.9,14,55.64,4.64,13,28.57,Beginner
31561f325664a8a7aba4c8d0c3a9b3db,SP,sao paulo,2702.19,38,71.11,4.58,34,29.7,Beginner
3d3ccf2b2f8134b10dce9dd446f0e075,SP,ibitinga,608.6,3,202.87,3.33,2,20.31,Beginner
249f0e9905a6e06ad6c6bea7547ab9f6,RJ,rio de janeiro,347.95,3,115.98,3.67,2,22.25,Beginner
4221a7df464f1fe2955934e30ff3a5a1,BA,bahia,849.5,5,169.9,4.8,5,29.29,Beginner
3296662b1331dea51e744505065ae889,SP,catanduva,517.8,1,517.8,5.0,1,30.24,Beginner
c1552b1dab6e6f760950368ae61fb600,SP,sao jose dos campos,53.8,2,26.9,2.5,1,15.08,Beginner
cfd7ddab722b902f7ac5b5f3ba6d723d,MG,contagem,3385.03,13,260.39,4.54,11,28.98,Beginner
6548c2550b6e2d8f18053216e1c7b6f3,SP,diadema,217.7,5,43.54,5.0,5,30.24,Beginner
a72f15980dc3e9bfd1a49ac9b2f3af65,SP,marilia,89.9,1,89.9,4.0,1,24.07,Beginner
154bdf805377afea75a3bd158e9eab10,SP,ibitinga,89.9,1,89.9,1.0,0,6.07,Beginner
6bef34c5be6f2bbd70aa5165f6df94b1,SC,timbo,1198.0,2,599.0,2.0,0,12.54,Beginner
1c742ac33582852aaf3bcfbf5893abcf,MG,belo horizonte,97.9,1,97.9,5.0,1,30.07,Beginner
b00af24704019bd2e1b335e70ad11f7c,BA,salvador,189.0,1,189.0,5.0,1,30.11,Beginner
bce6a5ecf98e99fd2a8868b15c51f04b,SP,guarulhos,3464.9,15,230.99,4.13,12,26.62,Beginner
33ab10be054370c254ddfcf0a6253422,RJ,rio de janeiro,213.2,4,53.3,5.0,4,30.21,Beginner
d63f306de130e0391d38a792541723b8,SP,sao paulo,49.0,1,49.0,5.0,1,30.05,Beginner
b248792ac0b60ec3f93d80af1b4fae47,SP,sao caetano do sul,454.5,9,50.5,3.78,6,23.13,Beginner
213fafb0ca06fb3d5886579c2565791b,MG,sete lagoas,189.7,3,63.23,2.33,1,14.15,Beginner
d79e8478eed9999493990b44955fb22e,RJ,rio de janeiro / rio de janeiro,721.89,5,144.38,4.0,3,24.44,Beginner
9b76ad3d04236f76bc71c59470305e13,SP,boituva,394.7,3,131.57,5.0,3,30.25,Beginner
2f73e04d12cdf0c945ded66bb3fcf6c7,ES,cachoeiro de itapemirim,1359.0,3,453.0,3.33,2,20.61,Beginner
cd3d09fbe6e3e9ff0c0ac0c300e93ae7,SP,nova odessa,651.04,12,54.25,4.17,10,25.64,Beginner
788f22bafdd7ab0e1e79f19db72f16a4,SP,sao paulo,125.8,2,62.9,4.5,2,27.11,Beginner
c52c644cc0dc85121207a27013efc6af,MG,tiradentes,397.8,2,198.9,5.0,2,30.22,Beginner
1fa2d3def6adfa70e58c276bb64fe5bb,SP,sao paulo,6.9,1,6.9,1.0,0,6.03,Beginner
1fbe10c70e30765ed1de86d9f7e98409,SP,maua,98.75,6,16.46,1.5,1,9.22,Beginner
51209b446b2073894bdc0face6c73ffc,ES,vila velha,359.6,4,89.9,4.0,2,24.26,Beginner
712efd3b68f9686dc856b84abd0f21ae,PR,curitiba,139.0,1,139.0,4.0,1,24.09,Beginner
204b4e07bddef3c9b317f70189135b22,MG,borda da mata,73.4,1,73.4,5.0,1,30.06,Beginner
5d9f3746e112e696f98ea22c56b3e912,SP,sao paulo,1322.64,1,1322.64,5.0,1,30.56,Beginner
674207551483fec113276b67b0d871ff,SP,sorocaba,119.9,1,119.9,5.0,1,30.08,Beginner
41958cbd3335433c8740300e8cd600d5,SP,sao paulo,32.99,1,32.99,5.0,1,30.04,Beginner
99cd94252748d2bdde08e17858233602,SP,sao paulo,159.8,2,79.9,4.5,2,27.12,Beginner
7dc9a3355bae96dd82008b313d3a456c,MG,dores de campos,899.0,1,899.0,5.0,1,30.39,Beginner
5b0cc932433fa5184b5b94bfe6bcc256,SP,ibitinga,1437.8,17,84.58,3.47,8,21.91,Beginner
3bb32fedaa74e4ad20f4ce067733bd31,SC,porto belo,103.7,3,34.57,4.67,3,28.15,Beginner
3d4824f20035949c710eaf111f869d39,SP,sorocaba,449.97,9,50.0,3.78,6,23.13,Beginner
929f342384a6607afe143d789ade1316,PR,londrina,209.4,4,52.35,5.0,4,30.2,Beginner
28405831a29823802aa22c084cfd0649,SP,sao paulo,210.0,6,35.0,4.5,6,27.26,Beginner
bbd3acfe6de99892e73940d3fdceaf68,SP,santo andre,69.0,2,34.5,3.0,1,18.09,Beginner
11fb6f6d341adbe19e81733701704635,SP,sao paulo,1197.0,3,399.0,5.0,3,30.57,Beginner
e433f5fd4050e3352b5d83522b7fe24b,PR,arapongas,548.06,1,548.06,4.0,1,24.25,Beginner
e5899683388855d3dabe8913bbe365de,SP,sao carlos,452.88,3,150.96,4.0,2,24.27,Beginner
49f8d2ea7b718d0ce587d34207caf2b4,SP,sao bernardo do campo,149.9,1,149.9,5.0,1,30.09,Beginner
a5ff20ff766e7f50bd5066f33da14413,SP,sao paulo,66.59,4,16.65,3.0,2,18.15,Beginner
1f2eebc0e970fd3c463e4f5d9652687a,SP,sao paulo,44.99,1,44.99,5.0,1,30.05,Beginner
5de1c80811ce7007f62f00d971236c09,SC,florianopolis,76.8,2,38.4,5.0,2,30.09,Beginner
2a73cba571d90c694b7caca072ccf6ce,SP,sao caetano do sul,342.78,2,171.39,5.0,2,30.2,Beginner
50bf89f1349bc0409a268c3a49678009,SP,jaci,179.9,1,179.9,5.0,1,30.1,Beginner
4e480be820e37de1444325ff358c9296,MG,tres coracoes,430.3,2,215.15,5.0,2,30.23,Beginner
240b9776d844d37535668549a396af32,RJ,niteroi,13332.09,35,380.92,4.34,30,32.42,Beginner
c679fb69a36e1d8349e8c50a217b4d58,RS,caxias do sul,1825.68,17,107.39,3.56,11,22.6,Beginner
ade45994b717ccee333492330fbf037b,PR,umuarama,7196.0,10,719.6,4.5,10,30.18,Beginner
96e5dc09087bad639b4ee193104ec2e5,RJ,bom jardim,101.9,2,50.95,4.5,2,27.1,Beginner
f049a72cf58fd31b11f8919cade515e7,SP,sao paulo,138.75,4,34.69,3.5,3,21.18,Beginner
9e6967d3cf386d284251784b18ccb485,SP,sao caetano do sul,517.67,11,47.06,3.64,8,22.38,Beginner
dd4d95ba2d15c071e6c695e2ef6ce169,ES,cachoeiro de itapemirim,1748.0,4,437.0,4.25,4,26.32,Beginner
9b1f656ca3060f8af17a50d8a024b533,SP,santos,41.0,2,20.5,5.0,2,30.08,Beginner
c1dde11f12d05c478f5de2d7319ad3b2,SP,sao paulo,12.5,1,12.5,1.0,0,6.04,Beginner
3986c0b54f6b748b75e7bd4e092aa3e5,PR,curitiba,24.99,1,24.99,5.0,1,30.04,Beginner
e9c2dc0dd4ac38448289be644ac94f42,SC,joinville,118.39,3,39.46,5.0,3,30.14,Beginner
539ed9e19811677513447759be5eccfc,MG,belo horizonte,32.83,2,16.42,3.0,1,18.07,Beginner
d17f467e4bf608a510c20d82f4ba3b6b,RS,caxias do sul,2963.78,11,269.43,4.27,10,27.14,Beginner
ec8463980a4e0ea9f8517aea1ed0c419,SC,florianopolis,239.2,8,29.9,5.0,8,30.34,Beginner
a3b42d266fa8afc874b909422ce88582,SP,orlandia,839.4,6,139.9,5.0,6,30.52,Beginner
398cb257329ef7af7f1943a8974a3cbc,BA,salvador,145.9,1,145.9,5.0,1,30.09,Beginner
6b90f847357d8981edd79a1eb1bf0acb,SP,guarulhos,3337.98,48,69.54,4.38,42,29.06,Beginner
b01c2b7b8599b325103ebcddc67413e1,RS,venancio aires,169.45,4,42.36,4.75,4,28.69,Beginner
173d56ffbd4c56cb80fc3615487d712b,SP,sao vicente,358.0,2,179.0,5.0,2,30.2,Beginner
5194c22ed1f616ec0c0f33c571542879,MG,santa rita do sapucai,245.6,4,61.4,4.25,4,25.72,Beginner
39a5005f2605cbdb4f9ac14485cabfd1,SP,barretos,501.07,8,62.63,5.0,8,30.44,Beginner
ce27a3cc3c8cc1ea79d11e561e9bebb6,SP,sao paulo,9465.45,151,62.69,4.12,100,33.04,Beginner
fb3cfbc8a86f5d7fbb4d36b8df63f60d,RJ,rio de janeiro,1007.3,15,67.15,3.13,8,19.63,Beginner
c8c1bea22194a4eefa2dc9a9fa89f536,SC,porto belo,1266.0,13,97.38,5.0,13,30.9,Beginner
ff1e15b778c700abdd4d239b81ac466d,PR,curitiba,414.3,7,59.19,4.57,7,27.8,Beginner
134285d1f41da5c13a756ee8142c8a4e,SP,sao paulo,1572.7,4,393.17,2.75,2,17.25,Beginner
1b4b28463457a256e9a784ebe2a8f630,SP,piracicaba,699.42,1,699.42,1.0,0,6.31,Beginner
1d953075c2f0dd990bacf27b83b330f1,MG,belo horizonte,59.0,1,59.0,5.0,1,30.05,Beginner
101a3a003516bc11253298b2fad3cb65,SP,rio claro,450.0,6,75.0,4.83,6,29.34,Beginner
f0ec78809fe0bc3edb11c9fe5b97b059,SP,sao paulo,62.6,2,31.3,4.0,1,24.09,Beginner
d7f1cfc638473be93baedbfd02208016,RJ,belford roxo,30.0,1,30.0,5.0,1,30.04,Beginner
8e29d051f810eb22959ede205b462b9f,SP,mirassol,599.8,2,299.9,4.0,1,24.3,Beginner
7f40d06aa0b5f1aa4f41af8c0480e2ef,SP,rio claro,1309.94,6,218.32,4.83,6,29.68,Beginner
ef2fbc2b607d8492bcffe657a4645434,RJ,rio de janeiro,920.9,21,43.85,4.05,17,25.3,Beginner
6fa9202c10491e472dffd59a3e82b2a3,SP,sorocaba,7014.24,3,2338.08,4.33,3,28.88,Beginner
36890be00bbfc1cdb9a4a38a6af05a69,SP,osasco,1361.3,13,104.72,4.23,10,26.31,Beginner
c3aad7dc65449ae90a5e9c3c6c1e78e0,SP,auriflama/sp,510.0,6,85.0,4.67,5,28.4,Beginner
01266d4c46afa519678d16a8b683d325,PR,curitiba,90.25,3,30.08,5.0,3,30.13,Beginner
ef728fa1f17436c91ed1ccd03dcf9631,SP,jau,128.7,4,32.18,4.0,2,24.17,Beginner
cecd97bc34ed8330bd4cd15713eda670,SC,cordilheira alta,57.99,1,57.99,1.0,0,6.05,Beginner
7c51de0ab286204ce75ff42bf7c10d92,SC,picarras,759.0,4,189.75,4.5,4,27.42,Beginner
5c030029b5916fed0986310385ec9009,SC,sao jose,4164.4,10,416.44,4.9,10,31.37,Beginner
1cd9e0cc1839d55516843def5600816d,SP,sao paulo,825.0,5,165.0,5.0,5,30.48,Beginner
6c6cc59a5c00cacc5054ca06d65cc282,RS,santa maria,1107.0,1,1107.0,5.0,1,30.47,Beginner
ac9b01377919cdbd2a1bbb8d5837c70b,SP,mogi das cruzes,55.9,1,55.9,3.0,0,18.05,Beginner
7994b065a7ffb14e71c6312cf87b9de2,ES,cariacica / es,453.0,7,64.71,5.0,7,30.39,Beginner
10cdd491d1dbea8fb4ead97b19c334ce,MG,santa rita do sapucai,208.9,3,69.63,5.0,3,30.17,Beginner
cd2169d9f31ff6fbb9ca3373b0c9e354,RJ,nova friburgo,569.0,1,569.0,4.0,1,24.26,Beginner
9261d76c62caaf0b24677c2ceb7f8f20,SC,palhoca,968.7,7,138.39,3.71,3,22.86,Beginner
59cea8e446d3834393058e7e0666b6fb,PR,maringa,696.6,10,69.66,4.6,8,28.18,Beginner
9d489893ff6af05029671b785f54b998,SP,leme,298.7,6,49.78,4.17,5,25.32,Beginner
70125af26c2d6d4ef401a1d02ae7701f,GO,goiania,371.2,8,46.4,4.63,8,28.17,Beginner
e819bcfade7b5d88a27325eb6cfd62c5,SP,guarulhos,202.9,11,18.45,3.55,7,21.71,Beginner
980640c45d7a4635885491d077167e4d,SP,rio claro,1004.29,14,71.74,4.64,13,28.66,Beginner
0692610d8abe24f287e9fae90ea0bbee,SP,sao paulo,173.99,4,43.5,4.0,3,24.19,Beginner
2d42ebcda99fd55f6f4bc2f1ca035d50,GO,uruacu,921.5,11,83.77,4.0,9,24.7,Beginner
e24d3429d294b2eb200b064ebb035879,SP,sao paulo,1878.58,22,85.39,4.14,18,26.25,Beginner
4be9ae93c4fc0f41713d71a4194ee1b3,MG,divinopolis,109.9,1,109.9,5.0,1,30.07,Beginner
0f80a40c312b2472dca482cf50f5186f,SP,lencois paulista,129.9,1,129.9,3.0,0,18.08,Beginner
82921991ff5b557b045605b8bbf08d49,SP,sao paulo,18.9,1,18.9,5.0,1,30.04,Beginner
26562f211dd1364af2a8596dc945e8ae,SP,sao bernardo do campo,99.0,2,49.5,5.0,2,30.1,Beginner
dde698c6d0bd24834c586e5111c2bba7,RJ,petropolis,155.9,1,155.9,5.0,1,30.09,Beginner
964ff64dc05b13811c6d0f41e0aa5f6b,SP,sao paulo,180.0,1,180.0,5.0,1,30.1,Beginner
6a3139c7bf09ece22a4713d956acbe5e,SP,sao sebastiao da grama/sp,61.9,1,61.9,5.0,1,30.05,Beginner
5996cddab893a4652a15592fb58ab8db,SP,presidente prudente,810.0,1,810.0,5.0,1,30.35,Beginner
3e46a38ee171c503c3b4a3f23fe3bf0c,SP,sorocaba,59.9,1,59.9,5.0,1,30.05,Beginner
73b8eb4a9a729d4019b24ed1be748cbf,SP,campinas,568.9,7,81.27,4.86,7,29.6,Beginner
4305fe92735c8a43d154ff6dd2b8d927,MG,coronel fabriciano,2606.1,19,137.16,4.11,13,26.27,Beginner
83c465a786b06574376909b35ef6752a,SP,sao carlos,281.4,3,93.8,5.0,3,30.2,Beginner
269cff2d3c8d205c11f37a52402ea93b,SP,catanduva,1281.59,5,256.32,4.4,5,27.06,Beginner
89ad3263c0931c47f976d7c5778e60f6,SP,sao paulo,568.2,6,94.7,4.17,5,25.43,Beginner
fe8055980a4ff7f64ed889c2b5926929,PR,curitiba,196.7,3,65.57,4.67,3,28.19,Beginner
9c54608f0996c32ae4743089d915f845,PR,loanda,194.8,3,64.93,4.0,2,24.17,Beginner
ce3ad9de960102d0677a81f5d0bb7b2d,RJ,rio de janeiro,158.0,1,158.0,5.0,1,30.09,Beginner
d3e7d37c0df9aef383f3f2a15b0dddfb,PR,sao jose dos pinhais,161.0,1,161.0,5.0,1,30.09,Beginner
fe9d9cf8631285d5982c6e2cf27fb114,MG,barbacena/ minas gerais,69.9,1,69.9,4.0,1,24.06,Beginner
077c5fae4bea9500e3737b16f71b9d3a,SP,sorocaba,106.8,6,17.8,4.67,5,28.24,Beginner
e5545d4d4473876ea78c5bcebca365c3,SP,marilia,44.5,1,44.5,5.0,1,30.05,Beginner
0743a0239d764b9a0f959a57d07e36ab,SP,sao paulo,336.96,4,84.24,4.75,4,28.75,Beginner
3d2400ac620cffa23ac81bd192f7f555,SP,sao bernardo do campo,105.0,1,105.0,5.0,1,30.07,Beginner
ae7ab174effdead6c241e547e4ca13f0,PR,arapongas,2778.6,7,396.94,3.86,5,24.48,Beginner
cb810bd318f51b3dc3c753944d61a1fa,RJ,niteroi,1750.0,1,1750.0,4.0,1,24.73,Beginner
aac51c486b672a9850d59f3e84b1cf88,SP,sao paulo,728.28,13,56.02,4.77,13,29.3,Beginner
9c4d31c7e46ab03a43fc06e3142afd4e,RJ,rio de janeiro,1218.9,2,609.45,4.5,2,27.55,Beginner
0951a6e282947e09cd47969f4ed0b47f,SP,taboao da serra,492.3,7,70.33,4.86,7,29.57,Beginner
26b482dccfa29bd2e40703ba45523702,SP,santa barbara d´oeste,344.78,4,86.2,5.0,4,30.26,Beginner
3e51f9cbe317bc3a88f2c76583811ee4,SP,sao paulo,76.09,1,76.09,5.0,1,30.06,Beginner
70c0fda4c313d87115644d39e62eec60,PE,caruaru,25.99,1,25.99,5.0,1,30.04,Beginner
04ee0ec01589969663ba5967c0e0bdc0,RS,lajeado,289.49,1,289.49,5.0,1,30.15,Beginner
389e45560e33d2d0747f949dcddbc08e,SP,sao jose dos campos,39.0,1,39.0,5.0,1,30.05,Beginner
d263fa444c1504a75cbca5cc465f592a,SP,americana,399.0,1,399.0,5.0,1,30.19,Beginner
9d69ba0a7a626a64dc5db08e529559cf,SP,ribeirao preto,19.3,1,19.3,5.0,1,30.04,Beginner
519a7aa428f18d125a283cf8c014fdd6,SC,rio do oeste,79.7,3,26.57,4.0,2,24.12,Beginner
497709c2976a8fa308730a2dec5b0726,SP,diadema,76.0,2,38.0,5.0,2,30.09,Beginner
6061155addc1e54b4cfb51c1c2a32ad8,SP,campinas,15909.4,35,454.55,4.71,34,35.67,Beginner
f356c348fbc8df6a882823e21f5ce8b7,RS,canoas,195.18,2,97.59,2.5,1,15.14,Beginner
455f46ef09a9e45667e2981df84b5cc2,SP,sorocaba,29.9,1,29.9,4.0,1,24.04,Beginner
05730013efda596306417c3b09302475,SC,criciuma,952.0,4,238.0,5.0,4,30.5,Beginner
90b36c5aeb728d5504a39f435bef0c5f,SP,conchal,153.89,4,38.47,5.0,4,30.18,Beginner
6ddc28b61be28373b4503a1f61cf98a9,SP,sao paulo,1732.9,11,157.54,4.18,8,26.1,Beginner
c0f3eea2e14555b6faeea3dd58c1b1c3,SP,sao paulo,79.99,1,79.99,5.0,1,30.06,Beginner
8c5e007d7bd5693fa1386ffefbc99f6c,SP,indaiatuba,1029.11,24,42.88,4.17,20,26.15,Beginner
0bebbb2cea103a4a020c95d43fd7d754,SP,sao paulo,1367.2,9,151.91,4.89,9,30.16,Beginner
2b3b9ce054da76a7428df143a567b156,SP,sao paulo,301.0,6,50.17,3.17,4,19.32,Beginner
4dc2e811a1760953cb7c6a590b498943,SP,itapui,175.0,1,175.0,5.0,1,30.1,Beginner
52a50b42accf164f9f019941e5759d9b,SP,monte alegre do sul,139.96,4,34.99,4.75,4,28.68,Beginner
08ad4ac1388e4420ca531c3edfc46198,SP,itapevi,221.62,7,31.66,2.71,2,16.56,Beginner
10264f60a8f0a4d2f30810f5c661c673,SP,campinas,284.6,4,71.15,5.0,4,30.23,Beginner
5f57db27027655e6c6a391601daa0258,ES,viana,98.0,1,98.0,5.0,1,30.07,Beginner
466222e777149751370e7e98fb623b0c,RJ,rio de janeiro,87.9,1,87.9,5.0,1,30.07,Beginner
333c4210e76a1aa2ab817b99437e3ff1,SP,vargem grande do sul,335.0,2,167.5,5.0,2,30.19,Beginner
eec3469d83e142f9a104886655338c37,SP,bauru,185.7,4,46.43,4.5,3,27.19,Beginner
fc0b214b59a83615fea981c6424a02ae,SP,maua,159.9,1,159.9,5.0,1,30.09,Beginner
2039c5e51785b5dde7cf93ccb3b7be2c,SP,guaira,159.9,1,159.9,5.0,1,30.09,Beginner
be7a093e5b4d147b36b72bb1f9e415e5,PR,toledo,60.9,1,60.9,5.0,1,30.05,Beginner
d8bf0fc082fd4a77fc2e5679b6c00133,SP,sao paulo,139.9,1,139.9,5.0,1,30.09,Beginner
cc1f04647be106ba74e62b21f358af25,SP,sao paulo,11.9,1,11.9,1.0,0,6.03,Beginner
b5f0712d22a873b6797ab6cc65c3fcba,SP,sao paulo,12.99,1,12.99,4.0,1,24.04,Beginner
5b33b527da3c5b969cc99dc435cad09a,PR,paranavai,1872.79,17,110.16,4.12,14,25.98,Beginner
85ecf03781da592876b7844acc1b729f,SP,sao paulo,251.0,2,125.5,4.5,2,27.16,Beginner
768a86e36ad6aae3d03ee3c6433d61df,SP,sao paulo,587.46,17,34.56,4.65,16,28.64,Beginner
f205b1a3ca9a34e0f8a228bae6e4c7b3,RS,cachoeirinha,1088.0,8,136.0,4.88,8,29.96,Beginner
f9ec7093df3a7b346b7bcf7864069ca3,SP,sao paulo,519.2,9,57.69,4.78,8,29.16,Beginner
05e107217c7266362fd44b75b2cd4cc4,SP,sao paulo - sp,193.38,8,24.17,4.13,6,25.1,Beginner
160851d3ece7aa1a510f8d1a4bb8a8af,SP,garca,102.05,2,51.03,5.0,2,30.1,Beginner
b586cd24c010a13916af621b0325fbba,SC,rio do sul,1108.94,7,158.42,3.86,6,23.81,Beginner
edc518ba25576a0188a0e8f2c3af186f,SP,guarulhos,1647.39,8,205.92,3.5,5,21.9,Beginner
fadb07c842a2aef5d5a676b85f220e71,SP,sao jose do rio preto,398.75,7,56.96,4.71,6,28.63,Beginner
babcc0ab201e4c60188427cae51a5b8b,SP,porto ferreira,79.0,1,79.0,5.0,1,30.06,Beginner
630008e0f062605a415d694489f6f82e,SP,sao paulo,35.35,1,35.35,5.0,1,30.04,Beginner
bbf4a892cac7b82422baa711dffb8997,PR,curitiba,70.0,1,70.0,5.0,1,30.06,Beginner
d598f929fc44e1e38678e7f47250ec04,GO,formosa,69.9,1,69.9,5.0,1,30.06,Beginner
499185655c29ecfdbfe776ef7cf875b5,RS,porto alegre,89.0,1,89.0,4.0,1,24.07,Beginner
2d9e8987a2ea5cf88dce330249043ff1,SP,jaci,239.8,2,119.9,4.5,2,27.16,Beginner
7b7ed56ae755e2880f2b69632e839c1e,GO,goiania,321.5,5,64.3,4.2,3,25.48,Beginner
1fe5540d7c1c37a595fefbacd5570d9e,RJ,paraiba do sul,4537.6,25,181.5,4.28,21,28.25,Beginner
a1bea7061f61f6fdd9a85a6325ba1033,SP,carapicuiba / sao paulo,810.95,9,90.11,4.44,7,27.23,Beginner
a7dc4098e4da6e41b426269d12ae7e91,SP,sao paulo,518.0,3,172.67,3.67,2,22.32,Beginner
69b5eaa096c3f9d1e5c398c597f567d6,SP,birigui,938.0,2,469.0,5.0,2,30.44,Beginner
0725b8c0f3f906e58f70cbe76b7c748c,SP,guarulhos,2263.73,39,58.04,3.64,23,23.92,Beginner
f410c8873029fcc3809b9df6d0b28914,SP,caxias do sul,289.8,2,144.9,5.0,2,30.18,Beginner
87b4428a334b8f676fd9a7f3bf544fb5,SP,guaimbe,29.99,1,29.99,5.0,1,30.04,Beginner
2a167ca73899c85001a837d8fb4962f6,SP,sao paulo,4097.0,3,1365.67,4.33,3,27.71,Beginner
5a4236931428800e9d9cc04af0987118,SP,sao paulo,44.97,3,14.99,5.0,3,30.11,Beginner
b9de031b671cd48b28fae9d828cbf2b4,SP,sao paulo,155.32,1,155.32,5.0,1,30.09,Beginner
e0a3c37054ade6478d923a6efc10f308,SC,camboriu,219.8,2,109.9,5.0,2,30.15,Beginner
5e9f5bd34e0830569f05c9d4f56e04a8,RS,porto alegre,239.98,2,119.99,4.5,2,27.16,Beginner
aa8af66c623d7d544dfe4bb85b5ebe3b,MG,betim,99.0,1,99.0,5.0,1,30.07,Beginner
3ea08c48e851106d2f584349daba335f,MG,barbacena,170.0,1,170.0,4.0,1,24.1,Beginner
95cca791657aabeff15a07eb152d7841,PR,palotina,9.99,1,9.99,5.0,1,30.03,Beginner
81f89e42267213cb94da7ddc301651da,SP,presidente prudente,3955.0,52,76.06,3.54,36,24.38,Beginner
5ef131ac72773e5b3f6c0d63cf424657,SP,ribeirao preto,575.79,11,52.34,3.82,8,23.48,Beginner
d4828feed4cda2cd9d6b37899a95a71e,CE,juzeiro do norte,39.9,1,39.9,2.0,0,12.05,Beginner
7ff588a03c2aeae4fbd23f9ae64b760d,SP,guarulhos,1182.2,16,73.89,4.69,15,29.09,Beginner
ed8cb7b190ceb6067227478e48cf8dde,SP,santos,573.5,17,33.74,3.18,8,19.82,Beginner
e1dc0754bada9ee4cfe9713f22f61292,RJ,duque de caxias,885.0,12,73.75,3.83,9,23.69,Beginner
e53d5b9b29d1218281f4a907ada18626,PR,toledo,350.67,5,70.13,4.8,5,29.09,Beginner
902c99f1ac505c0d18778b61bcd636f7,SP,mogi guacu,123.47,3,41.16,5.0,3,30.14,Beginner
b19c48688808720822399ffa9f2dbe2f,SP,sao paulo,959.99,1,959.99,5.0,1,30.41,Beginner
b76f4d90e85657a240495c876313adc5,SP,hortolandia,299.0,1,299.0,5.0,1,30.15,Beginner
556a6409838156ea299c9d1f9e2dde43,PR,curitiba,1362.8,4,340.7,3.25,2,20.17,Beginner
cd233f8bfa30ebfd651f47ee7d054951,SP,birigui,79.9,1,79.9,5.0,1,30.06,Beginner
265fdc289dffa9f1ad801c74f7d0de47,SP,jaci,495.0,1,495.0,5.0,1,30.23,Beginner
120476eb7a04c149d14772edaf5d9bf2,RJ,angra dos reis,2368.8,6,394.8,3.83,3,24.11,Beginner
52831e5990d0771cb4951d6f12928167,SP,tupa,65.0,1,65.0,3.0,0,18.06,Beginner
913fd0ebba70bb919f7254a02239173c,SC,blumenau,159.9,1,159.9,1.0,0,6.09,Beginner
2be17df1c49978426251562096c3cc09,SC,tubarao,2165.0,16,135.31,4.19,13,26.49,Beginner
2d2322d842118867781fc737e96d59a1,SP,sao paulo,176.4,10,17.64,4.9,10,29.77,Beginner
88ef59b51bdaa941d10a853429f2b6ce,PR,guaratuba,252.9,2,126.45,2.0,0,12.16,Beginner
4a5b36211b1f51bf7eaa5c10a57fa483,RJ,sao goncalo,139.19,1,139.19,5.0,1,30.09,Beginner
ca4b77513ac2040591b0d8fae6958380,SP,sando andre,1772.45,15,118.16,4.47,14,27.98,Beginner
269c5fc9fcadee614364c3620c30a1f9,SP,guarulhos,209.6,6,34.93,5.0,6,30.26,Beginner
4d232b78ab7ef10393dc3807d827bc0d,MG,belo horizonte,1475.0,5,295.0,4.4,5,27.14,Beginner
888faa8bfb0b159c37de6d898b961c31,SC,braco do norte,2418.3,23,105.14,3.87,16,24.88,Beginner
e73bf2cea7fe4b0b4d287a7568ed1099,SC,chapeco,737.7,5,147.54,5.0,5,30.45,Beginner
36f98ad67cc981f50ce8aed093d5783c,PR,toledo,119.4,2,59.7,4.0,1,24.11,Beginner
fd435faa3c0422b60440ea3480d0e77c,PB,joao pessoa,749.0,1,749.0,5.0,1,30.33,Beginner
6bd503a8230299c9316fb0f726933927,GO,morrinhos,324.29,5,64.86,4.6,5,27.88,Beginner
28a26ebce31d5918b181ede016fd693b,MG,belo horizonte,29.9,1,29.9,5.0,1,30.04,Beginner
392f7f2c797e4dc077e4311bde2ab8ce,RN,rio de janeiro,52.0,2,26.0,5.0,2,30.08,Beginner
c7bb64409aa480bb7d0335faaaf3d242,SC,joinville,97.6,4,24.4,2.25,1,13.66,Beginner
a69aa24cec11168e7e39a3fbc727e925,SP,carapicuiba,105.97,3,35.32,5.0,3,30.13,Beginner
bac692d6c0ed08467878018e6cc9c26c,SC,blumenau,477.0,3,159.0,4.0,3,24.28,Beginner
b5dd7151a92ccaaa282cbe9681a05f44,SP,ribeirao preto,85.0,1,85.0,5.0,1,30.06,Beginner
8fd3b4468f6425810648177996c14cbd,SP,sao jose do rio preto,354.9,1,354.9,5.0,1,30.17,Beginner
a64e44665225d19dfc0277eeeaaccc57,SP,sao paulo,335.0,6,55.83,5.0,6,30.31,Beginner
8fff28c4263ddec387f28d237fb42773,SP,sao paulo,58.6,4,14.65,5.0,4,30.14,Beginner
d4910f1cdcfdabd48d6b316e395d4a23,SP,santo andre,1146.88,12,95.57,4.92,12,30.34,Beginner
55dedd83e501d8248880557d9073cbfd,RJ,rio de janeiro,1055.3,9,117.26,4.89,9,30.03,Beginner
3bfba5a77604f6dfae7e6dd7aaf65821,PR,londrina,2095.5,4,523.88,5.0,4,30.96,Beginner
c004e5ea15737026cecaee0447e00b75,SP,sao paulo,2350.0,1,2350.0,1.0,0,6.97,Beginner
7d7866a99a8656a42c7ff6352a433410,SP,sao paulo,147.89,5,29.58,4.4,4,26.61,Beginner
02b72cdeb9cfcc429f1af6f4e3f3b737,SP,ibitinga,522.65,4,130.66,4.75,4,28.83,Beginner
8de8fe3af4449ed695d2434c933ed73e,SP,sao paulo,2090.0,1,2090.0,5.0,1,30.87,Beginner
0af2ab31141893d26aca5a404a537dab,SP,sao paulo,59.0,1,59.0,5.0,1,30.05,Beginner
70f7e8018e3d46c748c92f026aa2585a,SP,sao paulo,239.8,2,119.9,5.0,2,30.16,Beginner
1e26c56af8d48424e1df0140a2401f83,SP,jaguariuna,258.9,2,129.45,5.0,2,30.16,Beginner
c5ebe6598748b0aeaa61cfb820478b92,RS,lajeado,297.0,3,99.0,4.67,3,28.23,Beginner
21c62b998a043ebe31161d38f84929fc,CE,fortaleza,750.49,4,187.62,4.5,4,27.42,Beginner
8def3db7f272735afb2ecd03aeca09a7,RJ,rio de janeiro,196.0,2,98.0,5.0,2,30.14,Beginner
6eeed17989b0ae47c9f11ece6f38ea90,SP,sao paulo,557.0,3,185.67,3.67,2,22.33,Beginner
612a743d294c27884fb7b80d2b19ba35,PR,curitiba,3057.7,3,1019.23,4.33,3,27.29,Beginner
51f108f62cb87d61918159902c8f8583,PR,cascavel,303.73,3,101.24,4.33,2,26.19,Beginner
4e92348462c75b6c842b994ce84a0ed4,RS,cachoeirinha,69.9,1,69.9,5.0,1,30.06,Beginner
eb9cd5b35d95206585e2185318cb5c61,SP,sao paulo,550.0,3,183.33,2.33,1,14.29,Beginner
9315e491484b1b0081ca166fc164108d,PR,londrina,29.99,1,29.99,3.0,0,18.04,Beginner
4867209cb29b56b92893d7bde3ce8012,SP,jau,150.0,1,150.0,4.0,1,24.09,Beginner
67883baaae6134ee81b271a542613728,SP,sao paulo,8167.9,19,429.89,4.11,13,28.5,Beginner
df91910b6a03bb2e3358fa6a35e32f6f,SP,sao paulo,2093.2,13,161.02,4.62,12,28.95,Beginner
2dcf93836ae3ce0d7c93e2f10876467a,SP,sao jose dos campos,1443.8,12,120.32,4.17,8,25.96,Beginner
f52c2422904463fdd7741f99045fecb6,SP,santo andre/sao paulo,567.79,13,43.68,4.31,10,26.48,Beginner
20a8b0dc55da94fe74d112082427c84f,SP,itu,407.4,7,58.2,4.29,6,26.11,Beginner
939e6227d6964a11a70aa91243e418f2,MG,conselheiro lafaiete,425.0,4,106.25,4.25,3,25.79,Beginner
c97aa4ee7420f937da13b7f9e2228b99,RS,novo hamburgo,29.9,1,29.9,1.0,0,6.04,Beginner
eaaa46e98c9e61f6764dd1d7a2ab8b3e,RN,messias targino,98.0,1,98.0,5.0,1,30.07,Beginner
07017df32dc5f2f1d2801e579548d620,PB,joao pessoa,946.49,9,105.17,4.11,7,25.31,Beginner
70126eecc6aa1274392a1743866e9678,SP,barueri,97.4,3,32.47,5.0,3,30.13,Beginner
c3e2398fcc7e581cda2e546557bf6968,SP,sao paulo,14.9,1,14.9,5.0,1,30.04,Beginner
3aa3c89ae3cd482385568be76120f63c,GO,goiania,29.9,1,29.9,4.0,1,24.04,Beginner
adcf50477d6a1f5d91bb9d54c4903cb5,MG,claudio,981.86,31,31.67,3.35,19,21.42,Beginner
94165aea8a35c3c21499cbcae239b16c,MG,uberlandia,180.0,1,180.0,2.0,0,12.1,Beginner
56e361f411e38dcef17cdc2a3d99628b,SP,guarulhos,1298.0,10,129.8,4.5,9,27.82,Beginner
bca9230d3bbb4efa51872bf605a2f1ad,SP,sao paulo,117.57,5,23.51,4.0,4,24.2,Beginner
44717f64ec2a457979cf83c429077666,RS,santa rosa,107.0,3,35.67,5.0,3,30.13,Beginner
54583ab379489add547fe47b628db589,SP,sao bernardo do campo,2240.0,10,224.0,4.8,10,30.0,Beginner
9cf787a239c1aa29dbd76f153dc13f9a,SP,franca,316.0,4,79.0,4.75,4,28.75,Beginner
d26aa40b90272d4843d63be7c1462c8d,SP,sao paulo,152.9,2,76.45,4.5,2,27.12,Beginner
9f50216bfd01913736a55a11b55ea842,SP,taubate,1354.0,19,71.26,4.47,17,27.93,Beginner
513a54369b6a8a6602fcb0e129c6d78d,SP,sao bernardo do campo,47.8,2,23.9,4.5,2,27.08,Beginner
e644cbadf7eeb30d0d29f335ce7d52ec,SP,sao paulo,768.91,9,85.43,4.0,7,24.58,Beginner
e0482f2c769468c3bbcd8a01e09d98c5,SP,sao paulo,189.0,1,189.0,4.0,1,24.11,Beginner
c026ef0d72e9132d9fa112308090c8dc,RJ,rio de janeiro,520.0,1,520.0,4.0,1,24.24,Beginner
08f5819815f3d06545011850bd70f0a8,SP,santos,452.0,3,150.67,4.67,3,28.29,Beginner
4c4d546adf3c3868fe19c9ec6e9ffda9,PR,maringa,111.7,3,37.23,3.67,1,22.15,Beginner
bc8c8d665ec4664d286be0d521722b19,SP,sao paulo,22.5,1,22.5,2.0,0,12.04,Beginner
112453736dbe3889cfb74e1aaa0ba0c1,SP,sao paulo,1890.0,14,135.0,4.07,10,25.6,Beginner
ccbd753e6863fe7314dc6c0ca5a074e7,SC,blumenau,495.0,1,495.0,4.0,1,24.23,Beginner
6bb66d9870c2e01c05655c7ed0e7ee13,SP,sao paulo,269.0,3,89.67,3.67,2,22.22,Beginner
7ad41305e96a6cab8294cd65891e9a86,SP,rio bonito,180.0,2,90.0,5.0,2,30.13,Beginner
08d1c9478fb0d7d7fcac9c0da4e82fc7,MG,belo horizonte,538.0,1,538.0,5.0,1,30.25,Beginner
b452cb0ae35044c4a53179c39f49fb06,SP,sorocaba,63.7,2,31.85,4.0,2,24.09,Beginner
0e44d110fa6a54e121cb2c095a77762f,SP,francisco morato,223.32,6,37.22,4.33,5,26.25,Beginner
a4b8d97cd5d3674eeff96abc99d8ed67,SP,sumare,214.08,1,214.08,1.0,0,6.12,Beginner
78813699ffac347fe27dba345a5f1551,RS,bento goncalves,152.42,1,152.42,5.0,1,30.09,Beginner
ce4755084bc097113867e6454f8f5e52,SP,ribeirao preto,18.9,1,18.9,5.0,1,30.04,Beginner
808d4348b916efa08e766ebad39f61eb,SP,sao paulo,712.95,20,35.65,4.6,19,28.49,Beginner
402916f742e5c740cc751493d9cf5053,MG,guanhaes,1252.0,10,125.2,4.7,10,29.0,Beginner
a8739afb32aaa45e01815ca76f76f54b,SP,sao bernardo do campo,298.83,15,19.92,3.47,8,21.39,Beginner
612170e34b97004b3ba37eae81836b4c,RS,novo hamburgo,23065.02,110,209.68,4.43,94,39.11,Beginner
ed46f1eb4a638113deb2a1137b5f22e9,SC,indaial,3470.0,4,867.5,4.0,3,25.51,Beginner
fdf736c18c589ed030e058312203e1b2,MG,pocos de caldas,30.0,1,30.0,5.0,1,30.04,Beginner
6561d6bf844e464b4019442692b40e02,SP,franco da rocha,41.9,1,41.9,5.0,1,30.05,Beginner
9b1585752613ec342d03bbab9997ec48,RJ,rio de janeiro,4248.98,3,1416.33,3.67,2,23.81,Beginner
4f1f1c8666cdb6442f775c4e8caed465,MG,belo horizonte,944.98,2,472.49,5.0,2,30.44,Beginner
ea846a0e7ad98a741783e886d89dfa44,SP,aracatuba,137.0,3,45.67,5.0,3,30.14,Beginner
6879c4d287a8dd06b11f54ea8f78e4da,SP,osasco,527.67,6,87.95,4.33,5,26.37,Beginner
b9ec22de23f18567de0e09d776ca0309,DF,brasilia,341.98,2,170.99,5.0,2,30.2,Beginner
6c17baf138731a4aaacc3210adf2037b,SP,franca,538.8,5,107.76,5.0,5,30.37,Beginner
7c9130f5f3729edd32aa059141d92484,SP,garca,126.0,4,31.5,3.75,2,22.67,Beginner
5415337f1863452476d42d9f14a16a61,MG,belo horizonte,44.9,1,44.9,3.0,0,18.05,Beginner
05a48cc8859962767935ab9087417fbb,SP,sao paulo,42.9,1,42.9,5.0,1,30.05,Beginner
8fb791022c1fc8909664f48ab7dc636d,SP,sao paulo,8119.95,5,1623.99,4.2,4,28.6,Beginner
a7ecf689b40a44361e259b28939023e4,ES,vila velha,389.0,1,389.0,5.0,1,30.19,Beginner
f9eedec3129e8cc6b6429c42d0808c5b,RJ,"rio de janeiro, rio de janeiro, brasil",789.8,2,394.9,4.5,2,27.38,Beginner
ba89796db68db180bd389de96b2ff3b6,SP,sao paulo,309.8,2,154.9,5.0,2,30.18,Beginner
c360e4787614ed31ac7a2f95d3b22dc6,SP,lencois paulista,188.9,1,188.9,2.0,0,12.11,Beginner
d13e50eaa47b4cbe9eb81465865d8cfc,SP,santo andre,7073.05,68,104.02,4.81,66,33.73,Beginner
5275ca25d0358ca73864e0ae41be1320,SP,guarulhos,409.6,4,102.4,4.75,4,28.78,Beginner
ea00f977a203ff88adf7057cb7806998,SP,santos,381.73,18,21.21,4.28,15,26.37,Beginner
b81e3a6c866a764974fe849821abeebd,SP,maua,836.15,11,76.01,4.55,9,27.96,Beginner
2e7ea2aafec5835e781b21d6d1faf1f1,SP,sao paulo,528.4,7,75.49,4.5,6,27.42,Beginner
671585f5a2af58b6e276bc01003c0d2b,PR,curitiba,1244.0,27,46.07,4.7,26,29.51,Beginner
7d484ca289afaac6bf5fc6a1e96d2226,MS,campo grande,183.2,2,91.6,4.0,1,24.13,Beginner
508808d438fe2ff972ed13bb8f4a82e2,SP,sao paulo,234.84,10,23.48,4.6,10,27.99,Beginner
26f6b7ab07be3e9e69ce82a6552efc19,RJ,rio de janeiro,54.8,2,27.4,3.0,1,18.08,Beginner
6bb62a4912377c7bfe7cb17b406bc7e6,SP,jundiai,739.52,6,123.25,4.5,5,27.48,Beginner
3d5d0dc7073a299e31fa718ce1bc00b6,RJ,rio de janeiro,674.8,22,30.67,4.27,18,26.55,Beginner
7210cd29727d674c00741e5e387b3ccd,SP,sao paulo,729.09,13,56.08,3.69,9,22.82,Beginner
70bf57d811208f8923b41bbd499a67a4,SP,franco da rocha,780.8,7,111.54,4.14,6,25.36,Beginner
e5c84227854980f1db19a58958c551d9,PR,fazenda rio grande,72.81,4,18.2,4.75,4,28.65,Beginner
49cdc90518a4f82676b38b3c1aa43ff6,SP,sao paulo,1539.5,5,307.9,3.8,3,23.57,Beginner
8a43128d7f9a3db592b866e6861a6cce,SP,sao paulo,990.6,4,247.65,2.0,1,12.52,Beginner
4a82168aaef173cbb6e46ae88728f919,PR,irati,512.0,4,128.0,4.0,3,24.32,Beginner
9da15f4a4ea758d9eeb49000dbe57e22,SP,osasco,196.9,1,196.9,2.0,0,12.11,Beginner
778323240ce2830d68aab11794e00bfb,SP,sao paulo,189.98,3,63.33,4.33,3,26.15,Beginner
8c9348f33ae3dada25c99c99ade2af78,SP,carapicuiba,312.99,2,156.5,5.0,2,30.19,Beginner
63704069d9bd3a75c1cf59babe56004a,SP,jundiai,59.3,1,59.3,1.0,0,6.05,Beginner
e59e575a175fadcadf8479e191770425,RJ,nova iguacu,199.9,1,199.9,5.0,1,30.11,Beginner
c0e0b73d039eb9a99b6ce4cb7a429cd3,SC,laurentino,29.88,1,29.88,5.0,1,30.04,Beginner
dd5450b022b2d00a2145a66331e1aef6,SC,joinville,59.0,1,59.0,5.0,1,30.05,Beginner
8dd386be0767c330276ea6a3f96532d3,SC,paulo lopes,89.98,2,44.99,5.0,2,30.1,Beginner
13dd308f81fea30cc670c656b2b46cc3,SP,santa barbara d'oeste,117.7,3,39.23,5.0,3,30.14,Beginner
535bf14f36346c7f59d87cece104d70c,RJ,rio de janeiro,50.0,1,50.0,4.0,1,24.05,Beginner
4a23adac87cf538689fa600d976f78b2,SP,sao paulo,405.0,3,135.0,4.33,3,26.23,Beginner
c0aff2da32c17759d30b22fb0af6649d,SC,florianopolis,188.8,5,37.76,3.8,3,23.03,Beginner
63191ead8d3b2f937cd1996fdcbbad20,SP,jundiai,367.0,1,367.0,5.0,1,30.18,Beginner
3ac588cd562971392504a9e17130c40b,SP,limeira,11.9,1,11.9,5.0,1,30.03,Beginner
9e7c5f4d7770eab65738cca38f9efccf,SP,sao paulo,184.8,2,92.4,3.5,1,21.13,Beginner
615c3462099ffa940d37b17dfda19594,RJ,rio de janeiro,229.0,2,114.5,5.0,2,30.15,Beginner
e560e4022d8f7aebf155db95946c5c0f,MG,belo horizonte,780.0,2,390.0,5.0,2,30.37,Beginner
80ceebb4ee9b31afb6c6a916a574a1e2,PR,londrina,6729.0,1,6729.0,,0,,Beginner
686886775c8f6b1191c7b953fb52708c,SP,pedreira,189.0,1,189.0,5.0,1,30.11,Beginner
010da0602d7774602cd1b3f5fb7b709e,SP,sao bernardo do campo,849.5,5,169.9,1.0,0,6.49,Beginner
b4b447d715f9ab302a188fb43d3e96b3,SP,sao paulo,685.93,5,137.19,4.8,5,29.22,Beginner
c5e60e39c0f42b8e827daa13cff74afa,SP,sao paulo,134.0,8,16.75,4.13,5,25.07,Beginner
daf565f087a52def0fd5c5825b3661bc,SC,brusque,813.9,9,90.43,3.63,5,22.38,Beginner
89de2d6f23e9746ff309705b23581faa,PR,londrina,340.0,8,42.5,2.71,3,16.64,Beginner
2d20f1cd18725c91147da0791d498022,PR,londrina,99.8,1,99.8,5.0,1,30.07,Beginner
6824a69c9ea0313eba299dd4a2dba09a,MG,formiga,666.9,7,95.27,4.71,6,28.74,Beginner
3c010235b7345c92f125d14ee232a76b,PR,mandirituba,3578.0,15,238.53,4.67,14,29.9,Beginner
cb5ff1b9715e99589f3e0c7a6afab9e3,PR,maringa,85.0,4,21.25,4.0,3,24.15,Beginner
1de62b6f2fd96227629786db492433db,SP,sp,208.8,2,104.4,5.0,2,30.14,Beginner
377bc18334c78dd2f1535ef22a3ad225,PR,sao jose dos pinhais,135.98,1,135.98,5.0,1,30.08,Beginner
bd0a1b0aadca9a83d9304f7e8ff5fbd5,SP,sao paulo,150.6,4,37.65,4.5,3,27.18,Beginner
e9e446d01bd10a97a8ffcfc4a3a20cb2,SP,sao paulo,51.15,3,17.05,4.33,2,26.09,Beginner
a1bea9970d8f65b240555f99c2214f7f,PR,pinhais,75.0,1,75.0,3.0,0,18.06,Beginner
8ea394aed8138685abe1eb9f25e1021d,SP,sorocaba,1340.0,2,670.0,4.0,1,24.6,Beginner
131fcb0a0c9a47bba4474aacff0f14b7,SP,sao paulo,369.8,4,92.45,4.0,3,24.27,Beginner
31be790e64fc99f8ff48ec2bd18a3104,SP,sao bernardo do campo,241.4,6,40.23,4.33,5,26.26,Beginner
d0d70d21e2234dd7cd3cf63fe414148a,PB,sao bento,598.4,9,66.49,4.22,8,25.83,Beginner
bf00385a5f7fc1ef39a13c2e9ee50a5f,SP,sao paulo,855.4,28,30.55,4.43,25,27.76,Beginner
68ca56ce86830f3d31b1b7ec6a54da3e,PR,guaratuba,599.69,5,119.94,4.0,3,24.39,Beginner
62de60d81c55c29d76a6bce418b31cef,SP,ibitinga,103.0,1,103.0,4.0,1,24.07,Beginner
2075d8cd4dd63ff12df0749a5866bb06,PR,curitiba,184.7,3,61.57,5.0,3,30.16,Beginner
3d68c634a99a1ba46dbca3967a69c623,SC,nova trento,594.0,2,297.0,5.0,2,30.3,Beginner
edb58a1390adf273840030a3d6253829,SP,piracicaba,39.9,1,39.9,5.0,1,30.05,Beginner
a0a14e50070f3225b3eabba5b85da517,PR,curitiba,176.2,4,44.05,4.5,3,27.19,Beginner
bff9deb0ec77d437f3305a79cf25529e,SP,limeira,161.95,5,32.39,4.0,4,24.21,Beginner
26e2e5033827d2ba53929f43e03d8ffe,SP,sao paulo,139.49,1,139.49,5.0,1,30.09,Beginner
741f8c587cb4248ebc5b779a0e8e0e51,SP,santo andre,89.95,5,17.99,4.0,4,24.19,Beginner
6c77cd583b36a13aacccf2b3ee23e233,SP,marilia,18.9,1,18.9,5.0,1,30.04,Beginner
9523fb39dd240aa958e040f8183d64f3,SP,sao paulo,146.99,1,146.99,1.0,0,6.09,Beginner
43b2c864251aa0ce4030c746984e088a,DF,brasilia,94.8,2,47.4,3.0,1,18.1,Beginner
19484c79cef6c062cb177aa4ef2fcc3c,SP,valinhos,201.9,1,201.9,1.0,0,6.11,Beginner
bec568278124768c474ee90971ca94d1,SP,sao paulo,219.9,2,109.95,4.5,2,27.15,Beginner
8fb67a334bacec338885b4e9e1708073,PR,toledo,59.9,1,59.9,5.0,1,30.05,Beginner
bb7ad8a45c027be8ab075b8e465f8ca0,SC,floranopolis,19.98,2,9.99,5.0,2,30.07,Beginner
c611f4ce9ce875bcc063fa97fd4d7d12,SP,atibaia,319.0,1,319.0,4.0,1,24.16,Beginner
0a198e95d32b1be2da9424c962a6ebfa,MG,contagem,69.99,1,69.99,5.0,1,30.06,Beginner
5e25c632f9db6cfb8bc100421c2737b6,SC,chapeco,259.0,1,259.0,5.0,1,30.13,Beginner
5b07547f10dd980738a1a27f685af669,SP,guarulhos,1134.6,14,81.04,4.5,13,27.87,Beginner
40ec8ab6cdafbcc4f544da38c67da39a,PR,francisco beltrao,117.8,2,58.9,5.0,2,30.11,Beginner
e503f22be6a4f456d9851920a5d9c670,SP,sao paulo,198.9,2,99.45,4.0,2,24.14,Beginner
d66c11a9572221d92fbb8c4897db5f9b,RJ,rio de janeiro,776.56,16,48.54,4.56,14,28.15,Beginner
d90fe2229fee1a5da999ccd0c06c1667,SP,sao paulo,450.0,3,150.0,4.67,3,28.29,Beginner
d9b00a97818674c7f8d8b1ef0e689679,PR,ponta grossa,69.9,1,69.9,3.0,0,18.06,Beginner
5d76d80a2f5f39c891b996a1bf4c9853,SP,sao paulo,1238.5,6,206.42,4.83,6,29.66,Beginner
31eec405c9bb71dec8e2629a92e764fa,ES,cachoeiro de itapemirim,256.89,5,51.38,4.6,5,27.85,Beginner
693660429f9dc4ff704eb3d88dad54d7,SP,santo andre,124.0,2,62.0,4.0,1,24.11,Beginner
35281d148dcf7134bae913c57db4e6da,SP,sao paulo,119.99,1,119.99,5.0,1,30.08,Beginner
2c43fb513632d29b3b58df74816f1b06,MG,belo horizonte,858.0,3,286.0,3.67,2,22.45,Beginner
271b8923c6a549e02d3c9fd1f8c0422b,SP,praia grande,105.19,1,105.19,4.0,1,24.07,Beginner
7cf4ea70955b00d6b3c22542598e2715,SP,sao paulo,189.9,1,189.9,5.0,1,30.11,Beginner
850857dfac77488c307e2b1cbd84ab5a,PR,cascavel,1599.0,1,1599.0,5.0,1,30.67,Beginner
c8665a4dd081a2c436b1cd921079d0d9,SP,pitangueiras,79.39,1,79.39,5.0,1,30.06,Beginner
a53f60f05f822b5c621a50ff6a5cb362,MG,uberlandia,415.4,6,69.23,2.6,2,15.95,Beginner
c6381b1321d7d97717a5bb4ed5b77882,SP,sao paulo,66.0,3,22.0,3.67,2,22.14,Beginner
1961c3e1272bfeceb05d0b78b5bbfdaf,SP,guarulhos,657.0,3,219.0,4.67,3,28.37,Beginner
21d59342ba150175ca2aa4f8faddeca6,SP,itaquaquecetuba,259.9,2,129.95,4.5,2,27.16,Beginner
dbec9a0a7efeff029d4d9dce7dc4cc95,MG,belo horizonte,1170.0,3,390.0,4.0,2,24.56,Beginner
b67d6c666e8dce1d078c882825e12704,SP,sao paulo,352.84,8,44.11,4.88,8,29.66,Beginner
56db5c0782e8f7ddc9343f9576ff6d16,SC,palhoca,734.8,2,367.4,3.0,1,18.35,Beginner
c1849d4d32d7a6cecd5aa471809d3135,SP,santo andre,388.98,3,129.66,4.33,3,26.23,Beginner
3442033154be05bac582e173ef54fd12,SP,sao paulo,161.0,1,161.0,5.0,1,30.09,Beginner
c70a353f02429c00775a46a75fb787da,SP,sao paulo,242.0,6,40.33,4.67,5,28.3,Beginner
04843805947f0fc584fc1969b6e50fe7,RS,ivoti,1400.0,2,700.0,5.0,2,30.62,Beginner
8fbe2ee446b97e128471be4ce983dc0d,SP,sorocaba,148.5,3,49.5,3.0,1,18.15,Beginner
ee2fbacc2fc3794e656cc4d933d59ce7,SP,sao paulo,464.97,3,154.99,4.33,2,26.26,Beginner
a13aaf2d2886ab9fb30fb9a920160b8f,SC,joinville,1011.52,4,252.88,4.5,4,27.52,Beginner
8a1ff5c35f6595a73fef4c7b96e4908a,PR,sao  jose dos pinhais,1598.0,2,799.0,5.0,2,30.7,Beginner
64c9a1db4e73e19aaafd3286dc448c96,PR,curitiba,439.0,1,439.0,5.0,1,30.21,Beginner
e45edf75f568ed2f93f78d060e246e25,RJ,rio de janeiro,164.3,7,23.47,4.14,6,25.12,Beginner
ab27bbbad5239bc31a34709275a70db4,SP,tatui,382.9,11,34.81,5.0,11,30.48,Beginner
5a9c0859cb00fd8aa4db443837f0a700,SC,treze tilias,208.0,2,104.0,4.5,2,27.14,Beginner
31e60bf8d103ce47932a85f5562deb16,GO,goiania,181.0,1,181.0,5.0,1,30.1,Beginner
2cb98e27ce1c18abdb42209b34c382a7,SP,ribeirao preto,62.49,1,62.49,4.0,1,24.05,Beginner
87d3c3aeb3ead335511b3ce315eb341e,SP,sao paulo,749.35,15,49.96,3.5,7,21.75,Beginner
c9aafcd0621b2207c10e32c649cada4d,SP,sao paulo,2671.26,47,56.84,4.34,43,28.52,Beginner
d7d517afce974cd491b8d52bb5b5b1fc,SP,sao paulo,89.99,1,89.99,4.0,1,24.07,Beginner
44ed138eca6214d572ce1d813fb0049b,RS,canoas,129.79,3,43.26,4.67,3,28.16,Beginner
651fe66032c9520ee5587f694908040d,RS,alvorada,464.0,7,66.29,4.0,6,24.4,Beginner
5def4c3732941a971cba8fdee992ede1,SP,sao paulo,134.8,6,22.47,4.5,6,27.23,Beginner
3d49bfdd1b43a7fe169b3740067acc61,MG,montes claros,215.0,3,71.67,4.67,3,28.2,Beginner
8a8835a43bda99fd37310ad76c457510,SP,sao caetano do sul,224.34,3,74.78,4.33,3,26.16,Beginner
26e13b6ff5b641b329e5524241ee2c93,SP,franca,119.7,4,29.92,4.0,3,24.17,Beginner
044668ccd5316b12a7cf0d54a156e3e9,SP,osasco,137.8,4,34.45,5.0,4,30.18,Beginner
1e9d5a33694bddb76316fd1f54734d20,MT,jaciara,318.0,2,159.0,4.5,2,27.19,Beginner
d594982fd877af63ace38ea1fca27c76,SP,sao paulo,217.04,7,31.01,4.43,6,26.88,Beginner
7d81e74a4755b552267cd5e081563028,SP,sao paulo,32.5,1,32.5,4.0,1,24.04,Beginner
f4ce8ca9fa7157e3b33f536ac9a4487d,SP,penapolis,409.6,4,102.4,4.75,4,28.78,Beginner
4fae87d32467e18eb46e4a76a0a0b9ce,RS,ronda alta,100.9,1,100.9,5.0,1,30.07,Beginner
299c89a525fee36c567f4fe72f038100,CE,varzea alegre,189.0,1,189.0,3.0,0,18.11,Beginner
ce20a2ec1514c25e16f2b5b39bc818f0,SP,sao paulo,287.0,7,41.0,4.86,7,29.48,Beginner
eaf6d55068dea77334e8477d3878d89e,SP,sao paulo,51.0,3,17.0,5.0,3,30.11,Beginner
9d213f303afae4983637247556438ede,SP,ibitinga,47.7,3,15.9,5.0,3,30.11,Beginner
aec99834ab5d38ead22766ada8497e87,PR,colombo,459.0,1,459.0,5.0,1,30.21,Beginner
5e063e85d44b0f5c3e6ec3131103a57e,SP,sao paulo,22.9,1,22.9,5.0,1,30.04,Beginner
55f7a3319d80f7fdf078b8f03e6725fe,SP,osasco,3013.78,22,136.99,3.77,15,24.49,Beginner
762fafdaa57a532ee0119731697579dd,SP,itu,206.7,5,41.34,5.0,5,30.23,Beginner
71593c7413973a1e160057b80d4958f6,SP,sao paulo / sao paulo,299.5,5,59.9,3.4,3,20.67,Beginner
6e1862e15f33d9994bc25922a85e1efc,SP,rio claro,668.49,12,55.71,4.67,11,28.65,Beginner
596849622429351f47b32e6cae1055ff,SP,mogi das cruses,1069.8,13,82.29,4.08,9,25.3,Beginner
5f26c1408a65b42a7224cd463bdf3292,PR,arapongas,1139.8,10,113.98,4.8,10,29.56,Beginner
11742f81550ac064cc9a40f67151d9ad,SP,catanduva,781.9,2,390.95,5.0,2,30.37,Beginner
189ca3538ce9f920cacf0f982cbe223b,SP,sao paulo,419.0,5,83.8,3.8,3,23.12,Beginner
1d0646a72178a6fb37ee8082140e06ec,SC,joinville,61.0,2,30.5,5.0,2,30.08,Beginner
4125d9385a25e82d2f72d3a0fd55bc3f,SP,santos,42.9,1,42.9,5.0,1,30.05,Beginner
e5cbe890e679490127e9a390b46bbd20,SP,sao paulo,908.99,2,454.5,4.5,2,27.42,Beginner
dc50afafdfa325eadc890c7fa42a8f4e,PR,maringa,424.2,4,106.05,4.75,4,28.79,Beginner
0daf5180aa44356f60f8effa533b55a2,GO,goiania,144.8,2,72.4,5.0,2,30.12,Beginner
05ca864204d09595ae591b93ea9cf93d,SP,barueri,179.9,1,179.9,5.0,1,30.1,Beginner
57d2ba47f7a3209aa347532ae75c1165,SC,sao bento do sul,318.0,2,159.0,4.0,1,24.19,Beginner
e94b64dc6979b302a5a5be1662c83bb6,SP,itapecerica da serra,306.89,2,153.45,5.0,2,30.18,Beginner
2c2c9832d1bb38c5b0034a3b47d313ee,RS,santa maria,49.9,1,49.9,3.0,0,18.05,Beginner
4a1917ef994878940e1fb03eeb787ad7,DF,brasilia,768.0,3,256.0,2.67,1,16.42,Beginner
2fb25ab44bdbeae6a4d816e0d0c9d500,RJ,volta redonda,683.08,5,136.62,4.8,5,29.22,Beginner
9dc79dd988ac42f4d56c340d7048420a,SP,sao paulo,749.6,4,187.4,4.75,4,28.92,Beginner
88cd3681e0a2ba85e190f7d817629c4c,SC,brusque,180.0,1,180.0,4.0,1,24.1,Beginner
5587130f9850696ed7fafbc91c2cee44,SP,sao paulo,69.8,2,34.9,5.0,2,30.09,Beginner
651530bf5c607240ccdd89a30c9c9712,BA,ipira,199.9,1,199.9,4.0,1,24.11,Beginner
777a0c55737f34ffeb78010f7542ab41,SP,sao paulo,452.5,6,75.42,4.33,5,26.34,Beginner
77714512e8d4dda9c234da8e3faf16e4,SP,guarulhos,243.4,6,40.57,4.0,4,24.28,Beginner
29e6e05b65f93bc224c644319dc52ecf,MG,juiz de fora,475.6,4,118.9,4.75,4,28.81,Beginner
559d56f3b8f0bc2e5a9a62fe2ce2a39f,SC,joinville,385.0,2,192.5,2.5,1,15.21,Beginner
df47da4ae86fa4db890d05aaf24e21d8,SP,sao paulo,310.5,5,62.1,4.2,4,25.47,Beginner
55029529919c0123526150bd26ca8f20,MG,contagem,453.95,7,64.85,4.71,7,28.65,Beginner
f7315bb81aea4ddca2d39e249a801c98,SP,guarulhos,379.8,2,189.9,4.5,2,27.21,Beginner
50a7e551a7b3f8d37cd6e32d8bfbe5ea,SP,sao caetano do sul,140.0,1,140.0,5.0,1,30.09,Beginner
164a5a8794e6d42e14f55e447b12a3bc,PR,guaira,73.99,1,73.99,5.0,1,30.06,Beginner
b3809b8d4394588a47c8470ea331e135,SP,sao paulo,89.0,1,89.0,4.0,1,24.07,Beginner
258447aad3f7b01e2643c89f64dc5647,PR,cianorte,51.9,1,51.9,5.0,1,30.05,Beginner
1703bc09972dab9782e7a9194943b69f,MG,minas gerais,249.9,1,249.9,5.0,1,30.13,Beginner
cad9969167c09b48ae6f1d123f7fa68d,MG,pocos de caldas,24.0,1,24.0,5.0,1,30.04,Beginner
247587846358bb1d2e4c6522020b36fe,SP,sao jose do rio preto,99.0,1,99.0,5.0,1,30.07,Beginner
db7ed69a53aa9fb1c01930ba54a88bbe,SP,jaguariuna,109.0,1,109.0,5.0,1,30.07,Beginner
28872dc528e978a639754bc8c2ce5a4c,RS,caxias do sul,1009.9,1,1009.9,5.0,1,30.43,Beginner
57fe6232e67823593374a2281d7a8af8,SP,capivari,178.68,8,22.34,4.75,8,28.81,Beginner
78c99c6dff4eeae5be99bf635ed21e3f,SP,marilia,2030.88,39,52.07,4.33,33,27.96,Beginner
48985c61529077fa4f1e38bcff0f2ed3,RS,porto alegre,879.3,7,125.61,4.43,7,27.14,Beginner
3481aa57cd91f9f9d3fa1fa12d9a3bf7,SP,capivari,1773.03,25,70.92,3.88,17,24.74,Beginner
6426d21aca402a131fc0a5d0960a3c90,SP,ribeirao preto,1209.64,23,52.59,4.17,19,26.19,Beginner
cb9fb4ca75d7ba8437480e8dde64fe98,SP,sao paulo,532.14,10,53.21,4.0,8,24.51,Beginner
e26901d5ab434ce92fd9b5c256820a4e,SP,maua,11601.5,215,53.96,4.14,172,35.93,Beginner
542917da124346b47ea1ac79a93ce454,PR,curitiba,1341.9,21,63.9,4.19,17,26.31,Beginner
7a91bf945c6fae0779f1c61ce97fe45c,RJ,mesquita,634.6,4,158.65,4.5,3,27.37,Beginner
6e0908ef4d4efadbc3cc2b74ea477cb0,RJ,rio de janeiro,589.45,11,53.59,4.09,9,25.11,Beginner
e7f3bf1ecd8526eb7f3b18059e6716e5,SP,ubatuba,1382.04,18,76.78,4.44,16,27.73,Beginner
b2f4d63c7203f539a78252565ca32257,RJ,armacao dos buzios,14.9,1,14.9,5.0,1,30.04,Beginner
478bfe564db21eeb44386606aa30b650,MG,pedro leopoldo,182.7,3,60.9,4.67,3,28.18,Beginner
534a01cc6df1e034e05c32028a291fa2,SP,jundiai,235.59,5,47.12,4.4,4,26.64,Beginner
a5bff0f43eb51f0cad7c37fac7244c8a,SP,sao paulo,445.0,5,89.0,4.8,5,29.13,Beginner
e5bd51692380fd8cabb19b756b95e714,SP,santo andre,79.8,2,39.9,3.0,1,18.09,Beginner
b8d890108a7a80e4f5d59eea9f362438,PR,curitiba,89.7,3,29.9,3.33,1,20.11,Beginner
adbe70ab2c97442046d393988c8d1d27,SP,maua,289.5,5,57.9,5.0,4,30.27,Beginner
010543a62bd80aa422851e79a3bc7540,SP,sao paulo,1416.0,2,708.0,4.5,2,27.63,Beginner
557f22c76691849db52d2abccf0015d0,GO,morrinhos,799.87,13,61.53,3.33,7,20.69,Beginner
28d162ab86bb49d719c32f0ee6186eaa,SP,ribeirao preto,109.99,1,109.99,4.0,1,24.07,Beginner
48328ec9a579151d9cc6a86d4a59336c,RS,canoas,1099.0,1,1099.0,2.0,0,12.47,Beginner
5abb8ea023c77787f2c15da891c8d384,SC,joinville,2241.0,13,172.38,3.92,8,24.81,Beginner
2f09f7d37a97956d11cc1a7cadd5262b,SP,ribeirao preto,625.0,8,78.13,4.13,6,25.27,Beginner
062ce95fa2ad4dfaedfc79260130565f,RS,lajeado,7479.1,59,126.76,4.02,43,28.88,Beginner
aa17b35ce4de7b565be3249ba838944f,SP,jundiai,79.8,2,39.9,4.5,2,27.09,Beginner
5bc237df65098fe211bb4818f4d26d78,MG,uberlandia,126.8,2,63.4,4.5,2,27.11,Beginner
f2336e113377dd21c744d9c4fc8293a9,SP,sao paulo,3563.0,4,890.75,4.25,3,27.05,Beginner
f8e2c1b59cd4225a3e4fd0d013a76b93,SP,ribeirao preto,219.8,3,73.27,5.0,3,30.18,Beginner
2fdde51ad3e12f297da656d4fbd5d0b5,SC,joinville,5803.0,9,644.78,4.78,9,31.27,Beginner
8fdca8e349553f99bc738833a62c8802,SP,sao paulo,989.34,29,34.12,4.36,25,27.43,Beginner
06532f10282704ef4c69168b914b77be,PR,paincandu,9827.95,8,1228.49,4.63,8,31.95,Beginner
8ff38bc3969e67c36c48343a07090f66,SP,sao paulo,3472.0,8,434.0,2.5,4,16.63,Beginner
bab0a8cd684e41ba6e2637dca0979d3b,RJ,rio de janeiro,269.9,1,269.9,5.0,1,30.14,Beginner
34675b28b826facfde119785bf287dc1,PR,cascavael,21.99,1,21.99,4.0,1,24.04,Beginner
f9bbdd976532d50b7816d285a22bd01e,SP,sao paulo,268.0,2,134.0,5.0,2,30.17,Beginner
37303482a42fb700d8d127e70a9cd6c8,SP,campinas,58.9,1,58.9,5.0,1,30.05,Beginner
48bad451945f5227341793478d6353ea,SP,sao paulo,307.0,3,102.33,4.0,2,24.21,Beginner
2ec6e37d992a95eaddb3369dcbcc76d9,RS,porto alegre,159.8,2,79.9,1.5,0,9.12,Beginner
1284de4ae8aa26997e748c851557cf0e,SP,laranjeiras do sul,1459.97,3,486.66,2.67,1,16.69,Beginner
acf974e4d5950ad143a247471b831eb9,RS,caxias do sul,423.8,12,35.32,4.8,10,29.33,Beginner
6902157ee16728322d61a1321fa79e58,SP,sao paulo,159.8,2,79.9,3.0,1,18.12,Beginner
59417c56835dd8e2e72f91f809cd4092,SP,limeira,36459.0,18,2025.5,4.28,16,40.8,Intermediate
c76d418370990614e89e956c7a7567d9,SP,taboao da serra,305.24,2,152.62,3.5,1,21.18,Beginner
633ecdf879b94b5337cca303328e4a25,SP,sao paulo,1037.6,6,172.93,1.8,1,11.4,Beginner
695051e2981c8b19e77cafe450d5bdf3,SP,osasco,169.76,1,169.76,5.0,1,30.1,Beginner
b335c59ab742f751a85db9c411a86739,MG,araguari,2494.11,31,80.46,3.94,22,25.57,Beginner
d4e4b5192cba4e0e66eb12a9d347239d,PR,toledo,431.9,11,39.26,4.45,9,27.2,Beginner
48fb026ed7455a42f5d3e9390ed5088e,RJ,barra mansa,489.73,9,54.41,2.89,5,17.81,Beginner
45c20d94d9171b0bcfab3c955e47d67b,SP,cordeiropolis,129.46,4,32.36,4.5,3,27.17,Beginner
b1b3948701c5c72445495bd161b83a4c,SP,sao paulo,21519.5,14,1537.11,1.93,3,20.61,Beginner
f021c962aaba8ef6eb527a9c2c8394d1,SC,itajai,4398.5,5,879.7,4.2,4,27.11,Beginner
c2bda99904207edd1834f03e0022b007,SP,sao paulo,39.9,1,39.9,4.0,1,24.05,Beginner
be9a160a9011f627c3e121d076c1ec7b,SC,jaragua do sul,2055.0,5,411.0,4.6,4,28.57,Beginner
82bd0703a4aefd6b599e5bfdaed378fb,SP,marilia,2473.28,24,103.05,3.71,16,23.97,Beginner
e76ecc7e9a1a1e3c6df9d2a8261c423d,MG,belo horizonte,20.0,1,20.0,5.0,1,30.04,Beginner
dd8a29ce82d5c705ba932d81494600a5,SP,sao paulo,205.75,2,102.88,3.5,1,21.14,Beginner
71dc18fd8cbf5fd77f45dd8b427abb34,PR,curitiba,1080.0,9,120.0,5.0,9,30.7,Beginner
a353b1083c9863d756d9404695016d64,ES,cariacica,120.0,1,120.0,5.0,1,30.08,Beginner
7e26c750b4cb9f6766f58265ff9ebe95,MG,belo horizonte,1344.3,27,49.79,4.41,24,27.81,Beginner
69a43819c758c65a5befb0b471c954d7,PR,apucarana,299.85,3,99.95,4.0,3,24.21,Beginner
19a7c9f66ffa6452ff4b4c0cca71da27,PR,itaipulandia,279.0,1,279.0,5.0,1,30.14,Beginner
8f0fbe2cd4d472157dc1cdef6edecaa9,SP,sao paulo,71.88,2,35.94,3.0,1,18.09,Beginner
9b00cad94ef3078faf6fba2e792c158f,MG,janauba,354.9,1,354.9,5.0,1,30.17,Beginner
6dd7dce75cd55c1ce255dc38d9f0cd46,SC,palhoca,75.0,1,75.0,4.0,1,24.06,Beginner
19e0f40a907ec568c34bfac15de4f4a1,SP,americana,178.0,4,44.5,5.0,4,30.19,Beginner
9996ae921c50e8dff411ac69c0b4bb8b,SP,tupa,29.7,3,9.9,2.33,0,14.08,Beginner
2009a095de2a2a41626f6c6d7722678d,SP,sao jose do rio preto,388.89,12,32.41,3.92,9,24.04,Beginner
6da1992f915d77be95d7fa48b36904af,SP,sao paulo,261.0,9,29.0,3.67,6,22.39,Beginner
32e5635e63cb374eb63afdd242fb6134,RJ,rio de janeiro,910.0,1,910.0,5.0,1,30.39,Beginner
b45d7ebfb7378630f1bcd74b6ff86ff7,MG,belo horizonte,899.7,3,299.9,4.33,3,26.43,Beginner
a81466620e46a6970b22ef40379fdfc9,SC,sao ludgero,321.8,2,160.9,5.0,2,30.19,Beginner
eae9af4811c294c56795d70e715b7337,SP,sao paulo,15.9,1,15.9,5.0,1,30.04,Beginner
134a288e7de827ec5ec62e3ec9c3a295,SP,sao paulo,877.45,9,97.49,4.78,9,29.3,Beginner
7bcd7c5f8631701474db233ccf1c094b,SP,sao paulo,419.0,8,52.38,4.38,6,26.69,Beginner
f35becee938e982bd615edf8ef12bcfb,SP,alvares machado,148.59,6,24.76,4.0,4,24.24,Beginner
9da1ca0bef29ee170e541927a5aeabdc,SP,votuporanga,1484.4,6,247.4,3.0,2,18.77,Beginner
baeda7047354773262ba2405f97038ba,SP,americana,35.0,1,35.0,5.0,1,30.04,Beginner
272f092de69afedd4d2969440b37f18f,SP,sao paulo,1896.23,40,47.41,4.0,30,25.96,Beginner
a9ae440659f48b7849df83e82734150b,SP,santo andre,285.0,1,285.0,5.0,1,30.14,Beginner
dd9661d3cda1e6feb237f0c4d8b26f2e,SC,campos novos,174.0,1,174.0,5.0,1,30.1,Beginner
385799a1cddbd26dfeb9157356a42282,SP,sao paulo,551.94,6,91.99,4.83,6,29.38,Beginner
749e7cdabbaf72f16677859e27874ba5,SP,guarulhos,41.9,1,41.9,1.0,0,6.05,Beginner
b9c0ffa92f3ff9a5a3d45ef7213c0842,SP,sao paulo,490.0,3,163.33,5.0,3,30.29,Beginner
ae45ad30c2d2e5913094769690a239d2,SP,franca,251.8,2,125.9,5.0,2,30.16,Beginner
1746c1ae87ac63d530c7c943d0ac42e2,SP,santana de parnaiba,229.9,1,229.9,5.0,1,30.12,Beginner
c113b8df1fc375bc3d73d29c1b1144d1,SP,sao paulo,333.0,5,66.6,4.2,5,25.48,Beginner
5b179e9e8cc7ab6fd113a46ca584da81,SP,sao paulo,5173.5,36,143.71,3.51,20,24.21,Beginner
ccb83a794700270fde70898fe9ff368b,SC,sombrio,11062.0,12,921.83,4.33,10,30.76,Beginner
b3f19518fcec265b2e97af287725f981,SP,tanabi,444.92,8,55.61,4.38,7,26.7,Beginner
17eea220a40cc0d2c0c5346379682398,SP,sao paulo,875.98,3,291.99,3.67,2,22.46,Beginner
244b04680fdbded0acf5aebd9c92b44a,SP,jundiai,1701.8,2,850.9,1.0,0,6.74,Beginner
5563732abe64c3036cb97ad924128dd1,SP,guarulhos,404.0,3,134.67,4.67,3,28.27,Beginner
a1474fd46fd3430168f7ec202da39408,SP,pinhais,2752.5,14,196.61,4.43,13,28.1,Beginner
4a82c4af97ffc0fb2dc26bfdc03b1842,MG,lagoa da prata,143.7,3,47.9,5.0,3,30.15,Beginner
c8417879a15366a17c30af34c798c332,SP,sao paulo,1734.7,35,49.56,4.03,26,25.92,Beginner
9e94fa26a70ede4d26226e918e8706a2,SP,sao carlos,62.8,1,62.8,5.0,1,30.06,Beginner
aae5953b9edddf14749c0d65d60eb4b9,MG,belo horizonte,173.0,2,86.5,5.0,2,30.13,Beginner
7f02656561b680def9986c0795a8a080,SP,sao paulo,42.0,1,42.0,5.0,1,30.05,Beginner
4ba52dfeba874da5b9ee7b17c7494f04,SP,mogi das cruzes,1463.0,11,133.0,4.36,10,27.08,Beginner
d4a5e99e0dd915df64ba55a7fbd583fd,SP,sao paulo,65.15,6,10.86,1.67,1,10.23,Beginner
a09a13f18ed27932d08438aa6f12756e,RS,sapiranga,29.9,1,29.9,3.0,0,18.04,Beginner
2f3d8b4c9e2ee165075331fea3f3095a,SC,sao jose,130.0,1,130.0,5.0,1,30.08,Beginner
2bd05d410a8fd26dc4184a15f4f2f588,MG,belo horizonte,1316.73,7,188.1,5.0,7,30.74,Beginner
c157bdeedcbc9a8e3c8bf0d87ff24428,SP,mairinque,514.27,10,51.43,4.5,9,27.51,Beginner
98e164d549402270247f3c96a1a158ef,SP,sao paulo,162.7,2,81.35,2.5,1,15.13,Beginner
d2f3e277560ed4c6361284429b00f037,SP,atibaia,320.55,7,45.79,4.71,7,28.6,Beginner
aadfe0417e61315688b6bd7043361e25,GO,goiania,289.9,1,289.9,4.0,1,24.15,Beginner
3364a91ec4d56c98e44174de954b94f6,RO,porto velho,3579.94,6,596.66,3.83,4,24.59,Beginner
c161d1327ebc3a156c09582ab2f59f6c,SP,sao paulo,35.99,2,18.0,4.0,1,24.07,Beginner
bede56095ba33c42038fb85f707b8a42,SP,valinhos,3973.9,2,1986.95,4.5,2,28.65,Beginner
70ee69419916dc13e3aed619061f996c,SP,mogi das cruzes,45.0,1,45.0,3.0,0,18.05,Beginner
139157dd4daa45c25b0807ffff348363,SP,sao paulo,29.9,1,29.9,4.0,1,24.04,Beginner
29fe9f200d3fa0c668d2aa1ec7e08dfb,SC,balneario camboriu,400.0,5,80.0,4.0,4,24.31,Beginner
0887a9f087bcd5d9f6642b52f897fc6c,SP,cananeia,1642.0,12,136.83,4.42,10,27.54,Beginner
6d04126aba80df143fd038e711b8fd96,RJ,rio de janeiro,89.99,1,89.99,1.0,0,6.07,Beginner
b6dc74ed30f124f95227bed4e43a3bed,PR,arapongas,420.52,11,38.23,4.73,11,28.88,Beginner
b88e7c57cb2d8b973b7dd4a2bfa14b36,PR,curitiba,353.9,4,88.48,4.25,3,25.76,Beginner
0015a82c2db000af6aaaf3ae2ecb0532,SP,santo andre,2685.0,3,895.0,3.67,2,23.18,Beginner
525e75a6fb1454a2325ab1734bcec221,SP,barueri,607.17,10,60.72,4.0,7,24.54,Beginner
052577151711aec5c744fe12e66db3e1,SC,rodeio,687.0,1,687.0,5.0,1,30.3,Beginner
a37c340b91cb0169e8b029db6440fba2,SP,sao paulo,345.0,5,69.0,4.8,5,29.09,Beginner
75fdd0a732287f9497b179f6bd445d32,SP,maua,59.9,1,59.9,5.0,1,30.05,Beginner
7957cac1a02f45d0a4a7e45626382ec2,PR,curitiba,343.0,1,343.0,4.0,1,24.17,Beginner
47f55702f598c7c6cc8458b0fbc1c49a,MG,dores de campos,75.0,1,75.0,5.0,1,30.06,Beginner
5962468f885ea01a1b6a97a218797b0a,PR,curitiba,674.0,6,112.33,4.67,6,28.47,Beginner
38874e327ce94d11390b96eb42d61928,SP,itaquaquecetuba,3779.94,6,629.99,4.0,4,25.69,Beginner
166e8f1381e09651983c38b1f6f91c11,SC,imbituba,78.8,2,39.4,5.0,2,30.09,Beginner
91f848e9f4be368f4318775aac733370,SP,sao paulo,5703.6,71,80.33,4.38,57,30.69,Beginner
f3511c85f59f8dec53d140501ee8e7a8,PR,curitiba,69.9,1,69.9,5.0,1,30.06,Beginner
198c7ea11960a9844b544d9bcdca860c,MG,jacutinga,1733.75,25,69.35,3.88,18,24.72,Beginner
bd65d163ded559eb90a10cd09fec178f,SP,sao paulo,19.8,2,9.9,4.0,2,24.07,Beginner
3ef37b7ca6dd2b80bd8af81a62504996,SP,sao paulo,700.0,2,350.0,4.5,2,27.34,Beginner
ccada0ef508e698917a6eab263375905,PR,pato bragado,172.8,3,57.6,3.67,2,22.18,Beginner
282c7480173bb9c01dd41cc739fec010,SP,sao paulo,4274.2,8,534.28,4.43,6,28.53,Beginner
e732329483fd5f27367dd997b47f598a,SC,blumenau,109.9,1,109.9,5.0,1,30.07,Beginner
94e93ce877be27a515118dbfd2c2be41,SP,votuporanga,5436.58,34,159.9,4.03,24,27.37,Beginner
6b9b80d53ba3676eafe60268a810b5a1,SP,belo horizonte,783.7,9,87.08,4.22,8,25.9,Beginner
5f06030071324cc52bf0304014ac7234,SP,marilia,783.96,4,195.99,4.0,3,24.43,Beginner
f1c1ac3f3efc07e659c035008e615e66,SP,sao paulo,2294.96,9,255.0,2.78,5,17.87,Beginner
b05b432bf68945d4d9783f9e3ca29ee8,SP,birigui,224.8,2,112.4,4.5,2,27.15,Beginner
4003520d80d0bad1d5623f7aa3c63cda,RJ,rio de janeiro,70.0,1,70.0,1.0,0,6.06,Beginner
f615fe7efbef0f4f08fd3086bc7a3e60,SP,atibaia,2061.37,23,89.62,4.52,20,28.63,Beginner
b5e3e38609125694d2ea2417522a60b7,SC,florianopolis,995.04,17,58.53,4.35,15,27.01,Beginner
458d868c9642f55f18f04e951a3fdde6,RS,porto alegre,2718.0,2,1359.0,5.0,2,31.15,Beginner
a36ac007a4d18f865c8d32c3b2402c2d,SP,barueri,1229.79,8,153.72,2.75,3,17.23,Beginner
43753b27d77860f1654aa72e251a7878,BA,barro alto,23.9,1,23.9,5.0,1,30.04,Beginner
c87abc38c8ed3240861729e1aeadf221,SP,sao paulo,133.0,1,133.0,1.0,0,6.08,Beginner
5cf1ec37aea089f45110c70653a166ab,SP,sao paulo,35.0,2,17.5,5.0,2,30.07,Beginner
7b3f6ce5c6c22e9b96e7581ebf0df6e1,SP,tambau,29.8,1,29.8,3.0,0,18.04,Beginner
028872bfa080090a9d0abd4f1af168f8,MG,ribeirao das neves,70.5,3,23.5,5.0,3,30.12,Beginner
c7c7b2682c648339a0e9846bb1023a39,SP,braganca paulista,168.0,3,56.0,4.67,3,28.18,Beginner
45213867cefbf2cd4c6177e10216a951,SP,araras,4955.42,14,353.96,3.86,11,25.56,Beginner
27a56ff04b34c2ba34ce6ba4d3b9d616,SP,campinas,349.29,8,43.66,4.13,6,25.16,Beginner
d1a5cc844736958c11b8efab9a2b4c87,PR,curitiba,237.6,1,237.6,1.0,0,6.13,Beginner
55a5b51f93f2b70ea513f5a047b0262a,MG,sao joao del rei,4002.3,41,97.62,4.49,35,29.77,Beginner
7e79d65b5c6f1f544b7daea036acf720,SP,sao caetano do sul,517.8,4,129.45,4.5,4,27.33,Beginner
f0e103c63864d5405b958d984b6e94c9,SP,osasco,951.7,11,86.52,4.73,11,29.09,Beginner
3442f8959a84dea7ee197c632cb2df15,SP,campinas,218.7,3,72.9,3.0,1,18.18,Beginner
d9442042130b7fe579d1295f9f4a248f,SP,sao paulo,772.16,22,35.1,4.23,18,26.35,Beginner
11d4c477d09821164bca4f70a2eae031,SP,ribeirao preto,83.04,4,20.76,5.0,4,30.15,Beginner
9fbd5666d8618fa571c4230fafa09bd6,SP,sao paulo,79.9,1,79.9,5.0,1,30.06,Beginner
e9b6c33b71b67737693b4cfa68341c8d,SP,sao paulo,119.9,1,119.9,4.0,1,24.08,Beginner
1976a05ecf2996d6ffb7b5430e635fe7,SP,assis,1796.2,9,199.58,4.0,7,24.99,Beginner
fe4cd9461203cee790d36792420b310f,MG,caratinga,391.15,3,130.38,4.0,2,24.25,Beginner
458c6fa920810ce2492da71bc26d9eec,SP,catanduva,756.76,2,378.38,2.5,0,15.36,Beginner
12a8eb0f8d1cd3270695bf2a99f55966,SP,sao paulo,397.0,2,198.5,3.5,1,21.22,Beginner
003554e2dce176b5555353e4f3555ac8,GO,goiania,120.0,1,120.0,5.0,1,30.08,Beginner
da20530872245d6cd9d2f5725613c430,RS,igrejinha,314.96,3,104.99,4.67,3,28.24,Beginner
38e6dada03429a47197d5d584d793b41,SP,sao paulo,596.14,12,49.68,3.33,7,20.58,Beginner
13fa2a6c6b9d0f43cb588d7c82117a12,SP,sao paulo,4987.0,11,453.36,4.09,8,26.86,Beginner
a35ef466c6fd6d052f5d241240d3c5e2,RS,novo hamburgo,569.9,3,189.97,4.67,3,28.34,Beginner
fc906263ca5083d09dce42fe02247800,MG,belo horizonte,4457.8,118,37.78,4.38,104,31.6,Beginner
fa74b2f3287d296e9fbd2cc80f2d1cf1,SP,presidente prudente,1274.49,5,254.9,3.2,3,19.86,Beginner
731ef20c231d9a7103a425e83fd91271,SC,lages - sc,1692.0,3,564.0,3.67,2,22.79,Beginner
152ee17e4c8aaf53dac99f3462e4999b,SC,garuva,308.96,6,51.49,4.33,5,26.28,Beginner
53336f97ddbe53e2a617d07b17447b95,SP,sao paulo,599.5,1,599.5,5.0,1,30.27,Beginner
b416191c9813d821a295cfabafff4161,SP,franca,117.8,2,58.9,2.5,1,15.11,Beginner
638cba8be1fb599bbb76fd6948351eb3,SP,sao jose dos campos,552.9,23,24.04,4.74,22,29.35,Beginner
65c255b299faf2d12050937cc219c46c,SP,sao paulo,88.2,2,44.1,4.5,2,27.1,Beginner
98f52e1020fe788c10c0418de4393fec,RJ,macae,21.6,1,21.6,4.0,1,24.04,Beginner
a3b0df0065e264a91b7bbf5f844af5cd,SP,sao bernardo do capo,186.69,2,93.35,5.0,2,30.13,Beginner
2059c39f76271d4ca3f15b5ffaccc8b8,PR,curitiba,604.9,12,50.41,4.5,11,27.6,Beginner
4c03b9dd4c11ee2cb35c96c49efc9420,SP,campo limpo paulista,6458.6,48,134.55,4.11,37,28.68,Beginner
fa8d335d68129e464e60c1826a683e96,RS,tres coroas,139.9,1,139.9,4.0,1,24.09,Beginner
92c8bc6e8f925792247656fed09aad65,SP,sao paulo,134.8,2,67.4,3.0,1,18.11,Beginner
6c9875b2f94ba781186f0c1aed8d1687,SP,brotas,25.0,4,6.25,5.0,4,30.13,Beginner
52b53f7061969fe471d119b6195da864,SP,itajai,90.0,1,90.0,5.0,1,30.07,Beginner
8e670472e453ba34a379331513d6aab1,MG,juiz de fora,975.0,1,975.0,1.0,0,6.42,Beginner
cd52a8efd71af3336b14b5039b951cc1,SP,palhoca,111.8,2,55.9,3.0,0,18.1,Beginner
c18309219e789960add0b2255ca4b091,RJ,rio de janeiro,9.9,1,9.9,5.0,1,30.03,Beginner
9485a23c0430ba1d58d359391606fce6,SP,santo andre,830.9,4,207.73,3.75,2,22.95,Beginner
a99504ac23ed125aaf5302af6cc30af9,SP,batatais,978.0,1,978.0,5.0,1,30.42,Beginner
528bcf6680c36dddf07620bd35b33a6f,SP,sao paulo,969.98,2,484.99,4.5,2,27.45,Beginner
6650fcccd8cd2f7e55ffa524f30c4c59,SP,sao paulo,339.8,2,169.9,3.0,1,18.2,Beginner
74c7dec0a384d8a05950e629bd23bde9,SP,mogi guacu,97.78,4,24.45,4.25,3,25.66,Beginner
6750d71153f00fc58829af2a8ef1bcf1,RJ,rio bonito,3603.0,7,514.71,4.29,6,27.39,Beginner
3fefda3299e6dfaea3466ef346a3571a,PR,curitiba,209.0,1,209.0,4.0,1,24.11,Beginner
7178e1eaa97257d8b6d4b80efd77a025,SP,tatui,167.9,1,167.9,5.0,1,30.1,Beginner
ca5832c6960267b71041f74bb39e8b12,SC,xanxere,79.9,1,79.9,1.0,0,6.06,Beginner
889009a0ed0bb52c87819941192931b8,SP,lencois paulista,89.9,1,89.9,4.0,1,24.07,Beginner
918f6fbcf3ab724d805867303e593a1b,SP,valinhos,79.7,3,26.57,4.33,2,26.1,Beginner
fe1bbc5feda5c8979a8a1b3b2512d5a6,MG,arinos,724.72,10,72.47,3.8,6,23.39,Beginner
d73cbd89533ce8b041a9190241453ac8,MG,guiricema,268.7,3,89.57,4.33,2,26.18,Beginner
2f9b7ce230a057a98a9f5df5893ee36c,SP,barueri,141.82,2,70.91,4.5,2,27.12,Beginner
32fdd5d44ecb43dfd6a24b9369eca144,MG,carmo do cajuru,479.2,8,59.9,4.38,6,26.71,Beginner
b7d5b4b87af9d42b601865d3f3810bff,SC,florianopolis,350.0,1,350.0,3.0,0,18.17,Beginner
941554c5757b73ba0e50aa7732310afc,SP,sao paulo,107.69,4,26.92,4.5,4,27.16,Beginner
6614814a00d344b846ae209f95ee7e3f,SP,macatuba,13.0,1,13.0,1.0,0,6.04,Beginner
0747d5bb69f0586cc869d8af4c50f93e,RJ,saquarema,322.8,13,24.83,3.85,9,23.62,Beginner
e5def42655b7490edac5a56fe8e9e603,SP,amparo,129.9,1,129.9,5.0,1,30.08,Beginner
66fd84ee7528c0c0de85d0f44a73d5ab,RS,campina das missoes,1438.11,21,68.48,2.9,10,18.61,Beginner
56f413900b5166ab4d730e9ac0b12cb0,SP,sorocaba,151.79,3,50.6,4.67,3,28.17,Beginner
4e8dacf3d38f281ae26c3e0321d92d88,SP,sao paulo,2055.46,9,228.38,2.89,5,18.43,Beginner
77128dec4bec4878c37ab7d6169d6f26,SP,sao paulo,6.5,1,6.5,5.0,1,30.03,Beginner
72c73be2b085b9d57650dd53eb2004c9,SP,sao paulo,29.4,1,29.4,5.0,1,30.04,Beginner
b127efdabeffb5d559349c7b172eb75d,SP,sao paulo,308.5,10,30.85,4.8,9,29.22,Beginner
5bffbafbb22daf6d3bfc216a46db8708,RJ,nilopolis,5239.7,23,227.81,4.7,21,30.99,Beginner
7a9c12e235c36247c3c81f50d6ea9cea,SP,sao caetano do sul,983.9,5,196.78,4.6,4,28.14,Beginner
818d28f936e791926d33bcb6ee94ef79,SP,sao paulo,111.6,4,27.9,4.0,2,24.16,Beginner
365e445f796710c3431557e85caa25db,SP,sao paulo,1115.0,5,223.0,4.4,5,27.0,Beginner
70c4eedec9cb4a85cda2f3f9673557b4,SP,sao paulo,239.9,1,239.9,5.0,1,30.13,Beginner
fd312b6bf05efac6c3772d5b52205d8a,SP,votorantim,118.7,4,29.67,5.0,4,30.17,Beginner
999f6d9a1c7c81f43be44c6b7d076210,SP,sao paulo,28.0,2,14.0,4.5,2,27.07,Beginner
c13fb473e7cb8b83ccd543c094df0608,SP,sao paulo,54.8,2,27.4,3.5,1,21.08,Beginner
5d505d2298ad549e4e4e835562fa0c1e,SP,birigui,249.8,2,124.9,5.0,2,30.16,Beginner
84c945f15571830c1a91a33978e94009,SP,sao paulo,51.98,2,25.99,4.5,2,27.08,Beginner
b3e2faf2c1004d674f16a3aa3197f0e1,SP,ribeirao preto,61.47,3,20.49,5.0,3,30.11,Beginner
3d290fe363c60a77498c1126fd3fb8d3,SP,itapevi,198.98,3,66.33,4.33,2,26.15,Beginner
0c7f30ae9b147eca07affbef92832a6a,PR,ponta grossa,479.5,5,95.9,5.0,5,30.34,Beginner
7fe21dd00d2f4943ae09525efa2fd674,RJ,rio de janeiro,169.8,2,84.9,5.0,2,30.13,Beginner
3fadb4cba4c35bce6a7eaf9872d5623a,RS,caxias do sul,209.5,5,41.9,3.2,3,19.43,Beginner
c6218512d16fcac0af02fe92691cf274,MG,contagem,729.0,9,81.0,4.11,7,25.22,Beginner
baf15155e37ef5492731459bdc05be8a,SP,sao paulo,47.0,1,47.0,5.0,1,30.05,Beginner
e2a1ac9bf33e5549a2a4f834e70df2f8,SP,sao paulo,14999.45,5,2999.89,4.8,5,34.95,Beginner
1e47defeeadeca0e9a18fa5a9311e735,SP,catanduva,234.12,3,78.04,5.0,3,30.18,Beginner
8c3b533c63cca56240f94f1e3a6b18ef,MG,belo horizonte,1849.5,5,369.9,1.67,0,10.91,Beginner
d36b07fd3c5088e477a72d1fccfe29d4,SP,itapetininga,328.9,1,328.9,5.0,1,30.16,Beginner
7c4402417d51474d4d0cda9557340e40,SP,sao caetano do sul,119.9,1,119.9,5.0,1,30.08,Beginner
c447f8dd3ed213f291d65ef074a268eb,SP,assis,655.0,8,81.88,3.88,6,23.78,Beginner
804287717b9156fb7a787acd9af4fac1,PR,maringa,18.8,1,18.8,5.0,1,30.04,Beginner
782f78b632a43875dd5b53e3e49c9564,SP,campinas,97.34,2,48.67,5.0,2,30.1,Beginner
0b46f784306be7200ca1700aa55d819f,MG,belo horizonte,19.9,1,19.9,5.0,1,30.04,Beginner
5fd924b4836098a5be0ecf81ba054ce0,SP,sao paulo,1148.8,8,143.6,4.0,6,24.7,Beginner
52f6f9f13ba19504c02781132a049e75,PR,curitiba,398.0,2,199.0,2.0,0,12.22,Beginner
e627629ba868740e287800f1a9be81c2,SP,sao paulo,337.1,11,30.65,4.91,11,29.92,Beginner
d94ba08b99bedd6a5f6c875ecc4a6fac,PR,apucarana,539.1,9,59.9,4.78,8,29.17,Beginner
ff314fa6033cc68ec451c47aee2d6ba4,SP,sao paulo,537.9,2,268.95,5.0,2,30.28,Beginner
1bc2e21de46adfea6b98cc96b00f3b40,SC,joinville,1039.95,5,207.99,3.6,4,22.17,Beginner
b1aaae6b66ad3c40f54b389d7ea4bee0,SP,sao paulo,1176.5,17,69.21,4.47,15,27.8,Beginner
debe6615cd90cc0c2eac2b8988e1f628,SP,sao paulo,278.5,5,55.7,4.6,5,27.86,Beginner
c458e2045a8aa8964f8879af03fdcce6,SP,sao caetano do sul,494.91,9,54.99,3.11,6,19.13,Beginner
f26d70155c2b6326fcfa1780c8c684e4,SC,presidente getulio,202.89,1,202.89,5.0,1,30.11,Beginner
f307937c1bb287c3efc2a514b94b0d1d,MG,araxa,189.99,1,189.99,5.0,1,30.11,Beginner
a154d7316f158bb42e6fa18bbe3afd3a,SP,sao paulo,139.8,2,69.9,3.0,1,18.12,Beginner
a7c53f6b3b61adbdaa99dda97e8cbd56,SP,barretos,99.0,1,99.0,4.0,1,24.07,Beginner
a4b6b9b992b46e9ef863637af96e04bc,SC,florianopolis,5293.0,8,661.63,3.75,7,24.86,Beginner
528ce32f560edd11add4169f6a5b65be,SP,sao roque,59.8,2,29.9,5.0,2,30.08,Beginner
78ba5933c21686d1c2f64669c8c459e7,SP,mogi das cruzes,297.7,3,99.23,4.33,3,26.19,Beginner
ea6b12bf9ffe2bac34602ec631d97a47,SP,guarulhos,1047.3,9,116.37,4.33,8,26.67,Beginner
e4fc40017a6d22c46a14ac2e17f87c3e,PR,arapongas,129.0,1,129.0,5.0,1,30.08,Beginner
e83c76265fc54bf41eac728805e4da77,SP,aracatuba,237.3,8,29.66,3.63,4,22.11,Beginner
a2b911e9ad40dc7d61c142a4683e2d85,RJ,barra mansa,85.9,1,85.9,5.0,1,30.06,Beginner
ed9eef5be0992d413d251fadba1a410d,SP,mogi guacu,404.1,9,44.9,4.56,9,27.79,Beginner
42fb44130ac3134cde8e35cf8ec7df25,SP,pinhalzinho,43.8,2,21.9,5.0,2,30.08,Beginner
abe021b01ba992245271b9aa422032df,PR,curitiba,6720.0,2,3360.0,3.5,1,23.75,Beginner
ebd1417732defaf66c50b5a800eb293e,PR,londrina,309.0,1,309.0,5.0,1,30.15,Beginner
a7f13822ceb966b076af67121f87b063,SP,itaquaquecetuba,12017.69,84,143.07,3.49,48,28.27,Beginner
0307f7565ff85b299b6e5ef162b1b1a9,SP,sao jose do rio preto,4711.9,6,785.32,3.5,3,23.06,Beginner
ad87df7699e83b8a91822a4a0b765c3a,SP,jaguariuna,309.9,6,51.65,3.83,3,23.28,Beginner
515d781150feed28a6ac091bb0e3cb8c,MS,campo grande,1002.35,6,167.06,4.17,5,25.6,Beginner
1b61fb1f0f2185d89e9a126c498e9cc7,PR,maringa,49.7,1,49.7,5.0,1,30.05,Beginner
43a5d4a57af536fddc96d08be3afdfcb,MG,varginha,75.0,1,75.0,1.0,0,6.06,Beginner
07a9bc7f61396b658ddf3ac534efe44c,SP,sao paulo,239.8,2,119.9,3.5,1,21.16,Beginner
d2572f31e9023e9850ef986a636ff9bf,MG,belo horizonte,279.0,1,279.0,5.0,1,30.14,Beginner
9200e6ce317b67196b6b0bad4d4bd567,RJ,rio de janeiro,36.9,1,36.9,3.0,0,18.04,Beginner
6b15924333bd1a741595fe981ea04822,SP,sao caetano do sul,614.32,21,29.25,4.67,19,28.9,Beginner
93bef6edaa84956e8e575016449b6351,SP,sao paulo,115.0,1,115.0,5.0,1,30.08,Beginner
d101c6da914ae3d53f7bee42283f2fe2,SP,sao paulo,1384.1,19,72.85,4.0,15,25.12,Beginner
ba6b68b55fe8704377a7d43c8e5c0185,MG,belo horizonte,739.77,5,147.95,4.2,4,25.65,Beginner
eebb3372362aa9a46975164bed19a7e7,SP,sao paulo,295.96,4,73.99,3.25,3,19.74,Beginner
656591be56071d4c9ef4e5fee78a578a,SP,santo andre,1702.0,11,154.73,4.64,11,28.85,Beginner
217f005bb37ff3aeef5b2ae1788e75ba,SP,osasco,74.97,3,24.99,4.67,3,28.14,Beginner
35ef5aa32949680f627efec3c23e705c,SC,sombrio,361.6,5,72.32,3.2,3,19.49,Beginner
ef9952469137ff190bacafe117f51537,MG,uberaba,1002.66,5,200.53,4.8,5,29.35,Beginner
25e47381a6c510ddeb36084e33b89f0c,SP,praia grande,1289.6,17,75.86,4.06,13,25.39,Beginner
ae8bfdbf1c2a2a2dee92d799db0a31c6,PR,toledo,339.92,8,42.49,4.13,6,25.16,Beginner
3985a3c45be355a4c57fde108bfabd1c,RS,rolante,344.2,8,43.03,4.13,7,25.16,Beginner
e72b4feb7abe210c52aa667abc25a3a2,SP,sao paulo,38.2,2,19.1,5.0,2,30.08,Beginner
5d043cd5512d4bd2f88e5ccdd5736c38,SP,sao paulo,650.0,1,650.0,2.0,0,12.29,Beginner
327b89b872c14d1c0be7235ef4871685,AM,manaus,1177.0,3,392.33,2.33,1,14.54,Beginner
c8e135e7b21ecbc36c1153a29d2f5a06,SP,sao paulo,1165.5,7,166.5,4.86,7,29.84,Beginner
db1f0f7c7e5e87f40b62226f020bb297,PR,pinhais,59.01,3,19.67,4.67,3,28.13,Beginner
0ee4fb99ac55ffbbc98795aa01b7f8fa,SP,santana de parnaiba,59.9,1,59.9,5.0,1,30.05,Beginner
22a23e5ac7061fc538cc2a019afaaf16,MG,belo horizonte,95.0,1,95.0,3.0,0,18.07,Beginner
817f85dbb65aa3e70831d90fe75cdf89,SP,tiete,1552.27,11,141.12,4.55,10,28.25,Beginner
62c50c1af4dfdc4149d25c5222043d39,SP,sao paulo,2325.83,17,136.81,3.47,8,22.26,Beginner
f4aba7c0bca51484c30ab7bdc34bcdd1,SP,sao paulo,2951.9,115,25.67,3.9,81,28.03,Beginner
9fe7c6641c79970ab48185498f547c09,SP,sao paulo,130.0,1,130.0,5.0,1,30.08,Beginner
2e0dba2da448400b1c11d7b4b22f32a4,SP,santo andre,235.87,13,18.14,3.77,10,23.1,Beginner
4d600e08ecbe08258c79e536c5a42fee,PR,entre rios do oeste,3816.17,7,545.17,4.43,6,28.32,Beginner
e603cf3fec55f8697c9059638d6c8eb5,RS,pelotas,270.0,10,27.0,4.7,10,28.61,Beginner
a45765f8afb1e594b22bf9e974b46765,SP,sao paulo,79.99,1,79.99,4.0,1,24.06,Beginner
443d880f15cbd3572885e1d44bf2c478,SP,marilia,94.8,2,47.4,2.0,0,12.1,Beginner
6179a28a13a726c29b3bf54c070dccab,MG,varginha,300.0,1,300.0,5.0,1,30.15,Beginner
63ffcb71394dd8ea3872ed9ffda17c74,RJ,itaborai,399.0,17,23.47,3.18,8,19.75,Beginner
a35124e2d763d7ca3fbe3b97d143200f,SP,sao paulo,411.5,7,58.79,4.43,7,26.95,Beginner
b7e1750c1157341d2abd0251e07c186b,SP,sao paulo,159.6,4,39.9,4.5,3,27.18,Beginner
9e25199f6ef7e7c347120ff175652c3b,SP,taubate,12.5,1,12.5,4.0,1,24.04,Beginner
54065e9aef7e9e9c2dc23b7594db021a,RJ,rio de janeiro,7079.0,12,589.92,4.33,10,29.17,Beginner
c286ec035ee04ba81c97508f0b5df544,PR,curitiba,294.0,1,294.0,4.0,1,24.15,Beginner
fb503a924a0b9db19d83dd0ac6dbef8c,RS,pelotas,13.9,1,13.9,5.0,1,30.04,Beginner
dd39ad39b5d3df33037e141c72497ba6,SP,sao paulo,135.8,2,67.9,5.0,2,30.11,Beginner
63272377184e969942f7fff221be858d,SP,sao paulo,149.7,2,74.85,5.0,2,30.12,Beginner
23ca5f678e0b3ea6c630b30fa8bf51ea,SP,sao paulo,183.0,7,26.14,5.0,7,30.28,Beginner
791cfcfe22fe4a771ece27f90017da92,SP,ribeirao preto,298.13,1,298.13,1.0,0,6.15,Beginner
df683dfda87bf71ac3fc63063fba369d,RS,farroupilha,39.9,1,39.9,1.0,0,6.05,Beginner
79b93a308a97792cf53ac75f46da00b5,RJ,rio de janeiro,99.9,1,99.9,5.0,1,30.07,Beginner
3f8034bfc6b8b4135534975d49f04c63,PR,curitiba,1273.9,14,90.99,3.36,9,21.09,Beginner
9558aa23f77a9e0a0eca83540999f43b,PR,apucarana,39.0,1,39.0,5.0,1,30.05,Beginner
c3251e13f1bbda6c74e37c160f991e19,SP,porto ferreira,437.8,2,218.9,5.0,2,30.24,Beginner
a90a5da8b09e44264a177c0374a5ac87,PR,ponta grossa,74.7,3,24.9,4.33,2,26.1,Beginner
6d7f8d9d594e28796b6b3205b00f459c,PR,curitiba,417.9,3,139.3,3.67,2,22.28,Beginner
78ef7e885d17f35e2382a47aae8b8cce,RS,santa cruz do sul,388.0,3,129.33,4.67,3,28.27,Beginner
db46ca7bce82b11f7e247539271fc390,RJ,rio de janeiro,933.97,16,58.37,4.56,15,28.21,Beginner
c8771b1a10bb99bb34d3c459c5cffb53,SP,tocantins,64.9,1,64.9,5.0,1,30.06,Beginner
cb5df0dcb9e280b1780e9d589889f2c7,SP,bady bassitt,1614.88,12,134.57,3.55,7,22.31,Beginner
6bcb2352a2a0c38b845f598298ab9d26,PR,maringa,15.9,1,15.9,5.0,1,30.04,Beginner
a7b7354cc588f7566a848bcbb1ce3d96,SP,sao paulo,79.8,2,39.9,4.0,1,24.09,Beginner
0f94588695d71662beec8d883ffacf09,SC,florianopolis,9.0,1,9.0,5.0,1,30.03,Beginner
00ab3eff1b5192e5f1a63bcecfee11c8,SP,sao paulo,98.0,1,98.0,5.0,1,30.07,Beginner
b77a27b1864483e721dc831d5ba4afa0,RJ,duque de caxias,20.9,1,20.9,5.0,1,30.04,Beginner
2cb4700db635baa1c0d4f90ed27b6669,PR,curitiba,199.8,2,99.9,2.0,0,12.14,Beginner
ab75b89cc49c9ab3160d0c91565a442a,SP,tupa,18.99,1,18.99,1.0,0,6.04,Beginner
e88c9b79e592e370d6bd852eeefbf057,PR,pato branco,251.87,9,27.99,4.78,9,29.05,Beginner
3faf68a3b0af94b10bac70d86077be49,SP,holambra,1322.93,7,188.99,4.57,7,28.16,Beginner
8ccf3cf69651cc1d8a02c8bfaf3b8568,SP,rio claro,250.0,2,125.0,3.5,1,21.16,Beginner
8132b9bd16876e1b0f8808d43825dd48,SC,florianopolis,77.9,1,77.9,5.0,1,30.06,Beginner
6d2f2e3b539480db1e0842b3a4e32e6e,SP,guarulhos,305.96,6,50.99,4.33,5,26.28,Beginner
2b2fed75b8e5ea3a052fc4c0825da485,MG,juiz de fora,510.9,4,127.73,5.0,4,30.32,Beginner
c273175f7c6c80fb02f051e2fc6d0d72,SP,sao paulo,1188.23,14,84.87,3.79,9,23.64,Beginner
b026643914f651e8371425e5b8a1e780,RJ,rio de janeiro,27.9,1,27.9,5.0,1,30.04,Beginner
e00d85ce20ea50c1224c66ca5050527d,SP,osasco,149.0,1,149.0,4.0,1,24.09,Beginner
d66c305afaec317ebee552073a674429,MG,ribeirao das neves,4156.49,45,92.37,4.53,38,30.19,Beginner
800214c63934acd05d47e84214db8ba8,SC,jaragua do sul,199.7,3,66.57,5.0,3,30.17,Beginner
3c3017960b2dbd72711a61f0400aab8f,SC,jaragua do sul,878.9,9,97.66,3.89,6,23.96,Beginner
4ddeb3e828550cddc8d45c8bc36ab2d1,SP,sao paulo,152.0,1,152.0,5.0,1,30.09,Beginner
80cfd480be3eb6d6267139f5cb793555,SP,sao paulo,99.9,1,99.9,4.0,1,24.07,Beginner
baa49d93c8c8841e27400a300f5d74b2,SC,sao jose,246.4,6,41.07,4.5,6,27.28,Beginner
1e47d8b6546eb3a77b1acddcc9406242,SP,campinas,149.9,1,149.9,1.0,0,6.09,Beginner
51e0557bc7b86de13e946c60ee91ce39,MG,belo horizonte,45.8,1,45.8,5.0,1,30.05,Beginner
c42fd8e4d47dfb18ce5222f2dd7752f9,SP,osasco,466.99,11,42.45,4.0,4,24.52,Beginner
94c49f20a123aeb9360dbf80ff912bf6,SP,sorocaba,277.75,3,92.58,3.67,2,22.22,Beginner
4bf658053d453036c70976bccb2c31b2,SP,sao jose do rio preto,1742.99,2,871.5,4.5,2,27.76,Beginner
f1ce5fdecd64935c28b9ff932751d0dc,SP,santana de parnaiba,158.0,2,79.0,4.5,2,27.12,Beginner
a89e143d5211473ae18db9577ee34b64,SP,limeira,70.0,1,70.0,5.0,1,30.06,Beginner
75745ef7bc7d4f3ea3380f6f5303f514,DF,brasilia,228.4,3,76.13,5.0,3,30.18,Beginner
720e6cf846ea7572cbb66b743fb91e6c,SP,mogi das cruzes / sp,54.0,1,54.0,5.0,1,30.05,Beginner
a435b009cd956ea60748b5cfbddf2e24,SP,franca,361.18,3,120.39,4.33,2,26.21,Beginner
6d1b9c9579132c87d2703ec38c30f2c5,PR,curitiba,299.69,4,74.92,4.5,3,27.24,Beginner
8f2b51a30523cdecddc2f179f351c7d6,SP,sao paulo,1027.9,8,128.49,3.88,5,23.93,Beginner
fc5a0d7a310a7a41abf86a458585ff2b,SP,sao paulo,117.9,1,117.9,4.0,1,24.08,Beginner
ebef8d8c92b4fd3226e5d407bbff21ac,SP,ribeirao preto,253.7,3,84.57,2.67,1,16.21,Beginner
3d700782d7818f2c1e0d7a9e9d75fc00,SP,sertanopolis,149.7,3,49.9,3.67,2,22.17,Beginner
1e483cc5c76fef08d3ca05f9a8af7d01,SP,sao paulo,166.09,10,16.61,4.4,10,26.77,Beginner
ee27a8f15b1dded4d213a468ba4eb391,GO,goiania,6499.0,1,6499.0,5.0,1,32.63,Beginner
4b1eaadf791bdbbad8c4a35b65236d52,SP,ribeirao preto,960.09,5,192.02,2.6,2,16.13,Beginner
6624bc09786f0e41ae48dfc5eeb1a9e2,MG,belo horizonte,89.54,1,89.54,5.0,1,30.07,Beginner
2f4b9d112bfa44a214bc6cef085d17c8,ES,afonso claudio,293.99,6,49.0,4.33,6,26.28,Beginner
6cf476a4ca74498db55cbccdaa9dcfb6,SP,sao paulo,624.94,6,104.16,3.0,3,18.43,Beginner
3d01d1c414c44b5943a09619ff3853cb,SP,campinas,303.6,4,75.9,4.5,3,27.24,Beginner
b1fecf4da1fa2689bccffa0121953643,MS,campo grande,3669.64,20,183.48,4.95,20,31.77,Beginner
c0e6839516f5398edc34adf5f1d53d1a,SP,guaruja,34.92,1,34.92,5.0,1,30.04,Beginner
ff4ea69c2a729e83e63c7579e4ef8170,SP,guarulhos,6368.0,8,796.0,5.0,7,32.79,Beginner
f00f5b35d0abcacbdd863672f4bb2c1a,SP,sao paulo,299.0,1,299.0,4.0,1,24.15,Beginner
961dff0a659b4561334372337dd897d9,RJ,rio de janeiro,7297.0,3,2432.33,4.67,3,31.03,Beginner
570d4583587a5fe2d47c7be89b91ad27,SP,sao paulo,125.25,2,62.63,5.0,2,30.11,Beginner
79565f7d5603b24ddf07ade262547f2f,SP,araraquara,346.0,7,49.43,4.43,6,26.93,Beginner
2d8cfba3fcd3170555941605edaa196a,SP,osasco,45.0,1,45.0,5.0,1,30.05,Beginner
41b86b552e54e3a7009596125aa8b167,SP,sao paulo,1595.3,11,145.03,4.36,9,27.13,Beginner
11eac105f3f90a9b87b19c89d91e24f3,SP,sao paulo,802.89,5,160.58,3.6,3,22.07,Beginner
5b97c06a046398e7005b2b7c0d707a92,MG,joao pinheiro,1139.97,3,379.99,4.0,2,24.55,Beginner
c8143b3069f6746a77421b5ce30a450c,GO,abadia de goias,142.47,1,142.47,5.0,1,30.09,Beginner
9b1ab052f5fca308ba743ac789ebb2e1,PR,pitanga,294.09,2,147.05,4.0,1,24.18,Beginner
dd58ee93286b0821565574c570e9e1dc,PR,curitiba,2948.0,2,1474.0,5.0,2,31.24,Beginner
2d378dbb39815785238c0139c7647fb7,SC,sao francisco do sul,1154.0,2,577.0,5.0,2,30.52,Beginner
7315baebc0572ff220d226283dc66728,SP,sao carlos,49.85,2,24.92,4.0,1,24.08,Beginner
8cc6a0e5738e61a87b03c78b2ba9db4b,MG,andradas,13272.7,24,553.03,4.42,20,32.55,Beginner
6ee85be3693ed79a8e80718743d80655,SP,sao paulo,147.5,5,29.5,3.2,3,19.41,Beginner
c8660dcf9ba70575f45d80fe28c27713,SP,sao paulo,335.0,7,47.86,4.71,7,28.6,Beginner
41c9d3997dd3c072c31139dc5bb5761f,MG,araxa,998.8,3,332.93,4.33,3,26.47,Beginner
bf0045791395e66460eb04749c68672a,SP,sao paulo,119.8,2,59.9,4.0,1,24.11,Beginner
f5fea3ffed6c2e889bab72705557c63a,RJ,rio de janeiro,345.0,1,345.0,5.0,1,30.17,Beginner
bcd2d7510d58e293f20fad6438c1b314,PR,curitiba,23.9,1,23.9,,0,,Beginner
cb32766839f443db85c82a43c4a6c19e,SP,rio claro,234.0,2,117.0,3.0,1,18.15,Beginner
cbbd5ae8f53de5f5097cd8217b529e24,SP,santana de parnaiba,175.9,1,175.9,4.0,1,24.1,Beginner
48efc9d94a9834137efd9ea76b065a38,PR,curitiba,345.6,34,10.16,5.0,34,31.16,Beginner
5e106d93b717c2682b9383da480364a1,PR,santa terezinha de itaipu,445.9,1,445.9,5.0,1,30.21,Beginner
5b92bfa4120daa27c574daa2e386c693,SP,sorocaba,14.0,1,14.0,3.0,0,18.04,Beginner
2bdb95a56a36ebbc6640337ac5eac174,SP,sao paulo,89.9,1,89.9,5.0,1,30.07,Beginner
62760d278921b5f352461620d68a9cee,SP,salto,397.0,3,132.33,3.67,2,22.27,Beginner
933446e9a59dece7ae9175103820ca8f,PR,curitiba,64.99,1,64.99,5.0,1,30.06,Beginner
740205fedfe4e90ca6857bc77db0f2b4,SP,caxias do sul,229.9,1,229.9,5.0,1,30.12,Beginner
5151aea44289d6c6b090ee31c2132508,SP,marilia,1315.3,7,187.9,1.83,1,11.72,Beginner
6c1b6d0c604b776f844125f911eb7377,SP,sao paulo,327.07,4,81.77,4.0,3,24.25,Beginner
fc4751cfe3b279c419615b9b00c1abb4,PR,londrina,453.7,1,453.7,5.0,1,30.21,Beginner
fe19dce63ae80346207c6c55713d1023,MG,uberaba,49.9,1,49.9,5.0,1,30.05,Beginner
e1bed63d68ac36fe1f3061befe196af5,SP,mogi guacu,199.0,1,199.0,5.0,1,30.11,Beginner
c12d7463a579237ffb9248bd7cff378b,SP,sao paulo,25.9,1,25.9,4.0,1,24.04,Beginner
0936e1837d0c79253456bbb2ffaaef10,SP,sao paulo,38.9,2,19.45,5.0,2,30.08,Beginner
2eeb6531ee027a48d401e72bebdd87d3,SP,sao jose dos campos,38.7,3,12.9,4.33,3,26.09,Beginner
ad14615bdd492b01b0d97922e87cb87f,SC,tubarao,8.25,1,8.25,5.0,1,30.03,Beginner
3a52d63a8f9daf5a28f3626d7eb9bd28,SP,aguas claras df,35.0,1,35.0,1.0,0,6.04,Beginner
0b36063d5818f81ccb94b54adfaebbf5,SC,jaragua do sul,765.0,15,51.0,5.0,15,30.76,Beginner
c9a06ece156bb057372c68718ec8909b,DF,brasilia,3849.0,11,349.91,3.36,6,22.03,Beginner
ecccfa2bb93b34a3bf033cc5d1dcdc69,PR,curitiba,1120.85,16,70.05,2.5,6,15.93,Beginner
1352e06ae67b410cdae0b2a22361167b,RJ,rio de janeiro,178.0,2,89.0,3.0,1,18.13,Beginner
d1aa1ec0839dcab73a6161130eb1f94a,PR,curitiba,119.9,1,119.9,4.0,1,24.08,Beginner
8c91bfea4263b8fba54081460693e2a1,RS,horizontina,739.0,2,369.5,5.0,1,30.36,Beginner
20f0aeea30bc3b8c4420be8ced4226c0,SP,santa barbara d'oeste,14.9,1,14.9,,0,,Beginner
f9f68daa2af419d38f745478bcb3da1a,SP,sumare,11.2,1,11.2,5.0,1,30.03,Beginner
e3b4998c7a498169dc7bce44e6bb6277,SP,sao paulo,6735.0,1,6735.0,5.0,1,32.72,Beginner
13e85aac53340018b40c2af68001b7e0,SP,pedreira,17.8,1,17.8,5.0,1,30.04,Beginner
2dd1fb6f0e42a2243b8a01e40cd41216,PR,curitiba,686.89,4,171.72,3.0,2,18.39,Beginner
8936ba0de1073ee888cb3185ae5dc661,SP,sao paulo,389.99,1,389.99,5.0,1,30.19,Beginner
f3041c2e75ec683697a6a5ea82192210,MG,itauna,145.0,1,145.0,5.0,1,30.09,Beginner
54aa8463e87776b5612f4bdc4bd5d4de,MG,belo horizonte,649.3,7,92.76,3.86,5,23.63,Beginner
c9d2ba8dde44a275ae06475ed1d2fafc,MG,uberlandia,28.79,1,28.79,5.0,1,30.04,Beginner
0f519b0d2e5eb2227c93dd25038bfc01,SP,ibitinga,79.9,1,79.9,5.0,1,30.06,Beginner
fa5fdc4e4bb6bd1009ad0e4ac4096562,SP,santo andre,161.99,1,161.99,5.0,1,30.09,Beginner
4b90495391ac0bd181a80a459df1e718,RS,bage,248.0,1,248.0,4.0,1,24.13,Beginner
f09b760d23495ac9a7e00d29b769007c,SP,catanduva,21.9,1,21.9,4.0,1,24.04,Beginner
89bc797e2e29667aa035d4368f9b7f92,SP,sao paulo,392.4,19,20.65,3.89,15,24.07,Beginner
bf961104a38e01b9062ee026bb657dee,SP,ribeirao preto,585.56,4,146.39,4.5,4,27.35,Beginner
24c1de8d9551c0b4fbc53317d53efda8,PB,serra redonda,355.0,1,355.0,5.0,1,30.17,Beginner
9535a841eecebed61a9fb1ac1cbb5597,SP,sao paulo,784.9,2,392.45,3.0,1,18.37,Beginner
f235413f677777a0738ff215d0184901,SP,bariri,1191.98,2,595.99,5.0,2,30.54,Beginner
1c83418358f249c9d6affa52d579db0e,SP,sao paulo,24.9,1,24.9,5.0,1,30.04,Beginner
c7dcd301ecfe5ab7f778ac172cf74be7,MG,belo horizonte,407.79,3,135.93,3.0,2,18.25,Beginner
d4f91e8be86b38da2ee35bc489645a9d,SP,guaratingueta,49.99,1,49.99,5.0,1,30.05,Beginner
432c67955c0acd1fd6b0b5d678766a71,SP,sao paulo,389.0,1,389.0,5.0,1,30.19,Beginner
0bb27263628258b8111a0262769fa9db,SP,sao paulo,22.2,1,22.2,5.0,1,30.04,Beginner
820c7c9eaf76d2b226b6c242bcf3f34d,SP,sao paulo,559.0,1,559.0,4.0,1,24.25,Beginner
422be4cc81a457fdb46f47edeb968ae5,SP,ibitinga,239.9,1,239.9,5.0,1,30.13,Beginner
7994081388d55b9cf976c050653dd359,SP,sao paulo,120.0,1,120.0,5.0,1,30.08,Beginner
6b2612338467c08c9b25f0cc55b1578d,PR,marialva,92.9,1,92.9,4.0,1,24.07,Beginner
934ed5cd1b9c1c7382d0a94a94b9e639,PR,curitiba,125.85,1,125.85,5.0,1,30.08,Beginner
ae9690c6e8fee182c28c9ff8e11ca52c,SP,sao paulo,47.4,1,47.4,5.0,1,30.05,Beginner
bfd938b22bc99bce1ae60dc602889f52,RJ,rio de janeiro,623.4,6,103.9,5.0,6,30.43,Beginner
bac44fa8e13424950488659b5f765c41,SP,sao paulo,19.9,1,19.9,5.0,1,30.04,Beginner
45a3d05fb00435e52a28859dd03703b3,SP,guarulhos,1299.0,1,1299.0,5.0,1,30.55,Beginner
c1d1ebb4745cc43cb6f05e9c8a705c9a,SP,sao paulo,12.5,1,12.5,1.0,0,6.04,Beginner
edb65fe661681b1c0de8bd47c8655855,SP,sao paulo,69.0,1,69.0,3.0,0,18.06,Beginner
024b564ae893ce8e9bfa02c10a401ece,SP,sao paulo,706.4,8,88.3,4.75,8,29.02,Beginner
43a1d4bab73b816e44ef4e4facd9f9b5,PR,maringa,189.9,1,189.9,4.0,1,24.11,Beginner
c353f8fc0ce8344999f17d578eb69a5e,RS,porto alegre,175.98,2,87.99,5.0,2,30.13,Beginner
f5b84683a9bf9e1df748cf40f601b39c,SP,sao paulo,83.9,1,83.9,5.0,1,30.06,Beginner
5f0057b677eb963672bf05dfa3f16c34,SP,sao paulo,213.88,4,53.47,5.0,4,30.21,Beginner
ffff564a4f9085cd26170f4732393726,SP,campinas,359.0,8,44.88,3.25,4,19.88,Beginner
58e4b302b54937e55a678c4d15111da4,PR,colombo,49.9,1,49.9,5.0,1,30.05,Beginner
4bde6149c15cf7e177b36fa060dd6de8,RS,carazinho,159.8,2,79.9,5.0,2,30.12,Beginner
9c57bc60cfad5ee62d35d3f1ce4593a1,PR,curitiba,180.0,1,180.0,1.0,0,6.1,Beginner
7ab0dd5487bab2dc835337b244f689fb,SP,sao jose do rio preto,12.5,1,12.5,5.0,1,30.04,Beginner
76d336555bb25f3165d2f0d6da719c40,SP,sorocaba,165.0,1,165.0,3.0,0,18.1,Beginner
dbc51f5e45d654ecc16cb68e6817ecea,SP,franca,199.99,1,199.99,4.0,1,24.11,Beginner
585175ec331ea177fa47199e39a6170a,MG,montes claros,3549.0,1,3549.0,5.0,1,31.45,Beginner
8d92f3ea807b89465643c219455e7369,SP,sao paulo,121.2,8,15.15,1.0,0,6.29,Beginner
3606774ec64634822d78dc2db6d37045,SP,sao caetano do sul,179.9,1,179.9,5.0,1,30.1,Beginner
4450bd8327d471c4a11a83d1445b1b62,SP,cotia,199.0,1,199.0,5.0,1,30.11,Beginner
328acb143b4a73aad6bee8e734f5d20d,PR,foz do iguacu,699.98,2,349.99,4.0,2,24.34,Beginner
fedaedd3ca31d56ab33e92035e4b361c,RJ,niteroi,39.9,1,39.9,4.0,1,24.05,Beginner
491a5ada3aa1678414e990262c4bbdc1,SP,sao paulo,1420.0,1,1420.0,5.0,1,30.6,Beginner
ce33c6211beaa8fef4cae8b52db39862,SP,suzano,49.0,1,49.0,3.0,0,18.05,Beginner
dd264199fc8b687ad029de7de6d760e6,PR,cascavel,87.9,1,87.9,5.0,1,30.07,Beginner
b7ba853e9551f4558440881fd3e5c815,RS,santo antonio da patrulha,136.9,1,136.9,1.0,0,6.08,Beginner
f650a9708fa1bab22bdd8d3a818cc415,SC,ararangua,416.04,4,104.01,4.0,3,24.29,Beginner
87f3e35268860433e13d577825aada95,SP,bom jesus dos perdoes,19.9,1,19.9,,0,,Beginner
5bba18b40e8c973b0f32e748004775b0,SP,itajobi,739.98,1,739.98,5.0,1,30.33,Beginner
bb3dca718920a4d7ec3cc9ffb025108b,SP,sao paulo,108.0,3,36.0,2.33,1,14.11,Beginner
2493dc3f20131696a0ecdb9948051a8d,DF,brasilia,504.38,4,126.1,4.75,4,28.82,Beginner
939f6e231201f26803cb5c3a3d2940b3,SP,bauru,130.6,4,32.65,4.75,4,28.67,Beginner
0336182e1b3e92f029d5354832045fdf,SP,ibitinga,29.8,2,14.9,2.0,0,12.07,Beginner
8b11118053756a9a2932f447e11fc1b5,SP,igaracu do tiete,79.99,1,79.99,3.0,0,18.06,Beginner
de66a66f2dd06bb9ec37aa96987466a3,RJ,rio de janeiro,353.32,8,44.16,4.25,7,25.88,Beginner
0b09101900100c0e9d312861fad5a1b9,SP,sao paulo,153.75,1,153.75,4.0,1,24.09,Beginner
d4d99b60c4c94cd35acd502cec65dc8d,SP,sao paulo,72.9,1,72.9,3.0,0,18.06,Beginner
63b9ae557efed31d1f7687917d248a8d,SP,sao jose do rio pardo,139.5,7,19.93,4.43,6,26.85,Beginner
bd4ff04377f974574f7f0bf9d6ce7dde,SP,santa maria da serra,164.96,4,41.24,3.5,2,21.19,Beginner
702835e4b785b67a084280efca355756,MG,juiz de fora,7.6,1,7.6,5.0,1,30.03,Beginner
586a871d4f1221763fddb6ceefdeb95e,RS,porto alegre,198.0,2,99.0,1.0,0,6.14,Beginner
8a87611c08849ffeeccab52aa798b6c7,PR,curitiba,587.9,6,97.98,4.67,6,28.44,Beginner
bee36b4f9a2b9fdcaff6ec05df202ed0,SP,sao paulo,16.9,1,16.9,5.0,1,30.04,Beginner
822b63912576852aea9a8436d72317b7,SP,mogi guacu,3465.93,7,495.13,4.86,7,30.76,Beginner
436bf27f2f18474fc6047702e9f8a866,SP,campinas,29.9,1,29.9,5.0,1,30.04,Beginner
c43d924a0f1688ee9fae0efcd6f539d4,RJ,rio de janeiro,29.9,1,29.9,4.0,1,24.04,Beginner
e83e93b71371817b11d78a63ff156aee,SP,barueri,286.0,3,95.33,4.67,3,28.22,Beginner
e908c0f3646e8b60375734a350d95d71,SP,sao paulo,2951.0,1,2951.0,4.0,1,25.21,Beginner
3be5841cdcc46de4ed3f9116f104b2c5,SP,barueri,599.6,4,149.9,4.75,4,28.86,Beginner
6dc9bec584588412a6a338830946a3e4,SP,sao paulo,280.0,1,280.0,2.0,0,12.14,Beginner
ed859002ad59dbf8cf3602696a6c3000,PR,londrina,2063.9,11,187.63,4.55,10,28.46,Beginner
011b0eaba87386a2ae96a7d32bb531d1,SP,pompeia,99.98,2,49.99,4.0,2,24.1,Beginner
ed49da7cadefc454d6a67de249eab240,SP,sao paulo,21.5,1,21.5,5.0,1,30.04,Beginner
